creator_id,name
0,Alissa Nutting
1,Ed Skudder
2,Hwang Dong-hyuk
3,Reggie Amigo
4,Sofia Alexander
5,Davila LeBlanc
6,Glen Charles
7,Mary-Ellis Bunim
8,Jimmy Perry
9,Dana Olsen
10,Barbara Corday
11,Thomas Lennon
12,Barton Dean
13,Bob Forward
14,Francisco Angones
15,Mike Barker
16,Carlos Montero
17,Phil Alden Robinson
18,Sarah J. Maas
19,Michael Jai White
20,Yulin Kuang
21,Lauren Oliver
22,Edward Allen Bernero
23,Monica Owusu-Breen
24,Vaun Wilmott
25,David Appelbaum
26,Shion Takeuchi
27,Nicolas Entel
28,Seth Kirschner
29,Ruth Fowler
30,Bob Boyle
31,Brad Buckner
32,Andrew W. Marlowe
33,Becky Sloan
34,Jude Tindall
35,Paul Feig
36,Max Burnett
37,Steven Levitan
38,Sanne Nuyens
39,Clélia Constantine
40,Neil Jordan
41,Ricou Browning
42,Jackie Filgo
43,Gene Levitt
44,Jim Davis
45,Gregory J. Bonann
46,Ty Franck
47,Sarah Solemani
48,Kari Lizer
49,Brett Goldstein
50,Jannik Tai Mosholt
51,Sarah Fain
52,Satoshi Mizukami
53,Tim Hill
54,Gabor Csupo
55,Kasper Møller Rask
56,David Michelinie
57,Drew Goddard
58,John D. Payne
59,Peter S. Fischer
60,Tom Spezialy
61,Esther Martínez Lobato
62,Jonathan Murray
63,Robert David
64,Chris Rock
65,Bridget Dobson
66,Julie Thacker-Scully
67,Saladin K. Patterson
68,Paul Monash
69,Charlie Day
70,Joe Gilgun
71,Nishaad Javeri
72,Tatsuo Yoshida
73,Chris Ryan
74,Tripper Clancy
75,Hazel Parfan
76,Scott Hallock
77,Nell Scovell
78,Dennis Klein
79,Earl Barret
80,David Levy
81,Roseanne Liang
82,Walcyr Carrasco
83,Tony Jordan
84,Mike Moon
85,Stav Idisis
86,Albert S. Ruddy
87,Nicholas Boxer
88,J.R. Orci
89,Eugenie Ross-Leming
90,Joey Soloway
91,Andrés Gelós
92,Gabrielle Allan
93,Josh Billig
94,Miles Millar
95,Dave Alan Johnson
96,Miguel García Moreno
97,Stephen Volk
98,Alessandro Bencivenni
99,Jonathan Nolan
100,Sam Raimi
101,Wes Craven
102,Ayub Khan-Din
103,Sander Schwartz
104,Sarah Watson
105,Beau Willimon
106,Eduardo Cisneros
107,Jed Mercurio
108,Mikael Shields
109,Leticia López Margalli
110,Verónica Bellver
111,Scott Frank
112,Adam F. Goldberg
113,Jonathan Igla
114,David Greenwalt
115,Tom Root
116,Alex Yee
117,J.J. Johnson
118,Andrew Goodman
119,Brian Michael Bendis
120,Jeff Astrof
121,Luke Brookshier
122,Rui Tsukiyo
123,Peter Marc Jacobson
124,Tony Christopher
125,Lizzy Weiss
126,Terry Dunn Meurer
127,Scott Thomas
128,Shawn Piller
129,Jacob Johnston
130,Charles Johnston
131,Nkechi Okoro
132,Christian Potalivo
133,Jean Holloway
134,Warren H Williams
135,Joona Tena
136,Clifton Campbell
137,George Lopez
138,Fábio Mendonça
139,Maya Sondhi
140,Laurent Chouchan
141,Jon Swinnard
142,Craig Ferguson
143,Howard Overman
144,Greg Spottiswood
145,Stephanie Savage
146,Iku Suzuki
147,Marc Richards
148,Blake McCormick
149,Nick Kroll
150,Carmen Finestra
151,Eric Lodal
152,Ann McManus
153,Andrew O'Connor
154,Richard Carpenter
155,Karianne Lund
156,Holly Sorensen
157,Daveed Diggs
158,Brian Levant
159,Mark Verheiden
160,V.E. Schwab
161,Yan Moore
162,Bruce Timm
163,Monkey Punch
164,Steve Oedekerk
165,Jody Schaeffer
166,Cole Haddon
167,Mariano Cohn
168,Pamela Lonsdale
169,Tim Haines
170,Peter Mattei
171,Topper Carew
172,Chuck MacLean
173,Jill Girling
174,Phoef Sutton
175,James Seale
176,Savage Steve Holland
177,Steven Kriozere
178,David Milch
179,Ari Schlossberg
180,Paul Eckstein
181,Tim Kilby
182,Alan Cross
183,Amy Winfrey
184,Shea Fontana
185,Adam Devine
186,Keigo Maki
187,Andrew Orenstein
188,Kirsten Smith
189,Tatiana Rodríguez
190,Peter David
191,Rachel Larsen
192,Edward Hume
193,Dustin Lance Black
194,Jim Keeble
195,John Eddie
196,Danny Thomas
197,Jonathan M. Shiff
198,Gary David Goldberg
199,Tsukasa Fushimi
200,Robert Butler
201,Terence Winter
202,Bruno Premiani
203,Sophie Lebarbier
204,Matthew Miller
205,Nicolas Jean
206,Anthony Field
207,Dan Santat
208,Jack Burditt
209,Dave Krinsky
210,Michael Jelenic
211,Vince Shiao
212,Patrick McGoohan
213,Julia Lea Wolov
214,Audrey Fouché
215,Kristin Laskas Martin
216,Robin French
217,Jorge R. Gutiérrez
218,Martin Kunert
219,Gillian Horvath
220,Harley Peyton
221,Siddharth Sengupta
222,Daniel Brocklehurst
223,Victor Cook
224,Eric Guggenheim
225,Buck Henry
226,Drew Champion
227,Judah Miller
228,Dottie Dartland Zicklin
229,Maurice Gran
230,Rob Lotterstein
231,Josh Corbin
232,Tucker Cawley
233,Jody Hill
234,Bill Cosby
235,Rene Balcer
236,Carlos López
237,Kathy Speer
238,Ethan Reiff
239,Carla Lane
240,Jim Kouf
241,Kyle Long
242,Darlene Hunt
243,Steve Lemme
244,Neil LaBute
245,Bruce W. Smith
246,Mark Brazill
247,Jeff Abugov
248,Jay Ward
249,Todd Hannert
250,Whitney Ralls
251,Stephen J. Cannell
252,Andrew Hussie
253,Valerie Armstrong
254,Kenya Barris
255,Dean Georgaris
256,Brad Falchuk
257,Josh Mepham
258,Jantje Friese
259,Rosemary Wells
260,Gregg Turkington
261,Alberto Sánchez-Cabezudo
262,Tom Miller
263,Phil Redmond
264,Doug Wildey
265,Isidoor Roebers
266,Paul Matthew Thompson
267,Jackie Marcus Schaffer
268,Ramanand Sagar
269,David Hasselhoff
270,Linda Bloodworth-Thomason
271,Theodore J. Flicker
272,Gardner Fox
273,Ethan Banville
274,Keegan-Michael Key
275,Matthew Parkhill
276,Jeff Fatt
277,Jim Howick
278,John Geering
279,Chuck Adamson
280,Will Campos
281,Melinda Hsu Taylor
282,Gerhard Hahn
283,James Manos Jr.
284,Steven Lisberger
285,Simon Barry
286,Abhinandan Sridhar
287,Hal McElroy
288,Julia Vickerman
289,Ken Sugimori
290,Sydney Newman
291,Dave Chernin
292,Jonathan Fisher
293,Terry Turner
294,Jonathan Schmock
295,Lisa Ambjörn
296,Tatsuya Endo
297,Craig Shapiro
298,Donald B. Wilson
299,Sharad Devarajan
300,Joel Hodgson
301,Claire Labine
302,Gina Fattore
303,Jeremy Haft
304,Michael Connelly
305,Marc Guggenheim
306,Ryan Murphy
307,Fred Fox Jr.
308,Jason Rothenberg
309,David Lee
310,Derek Dingle
311,John Aboud
312,Jack Maple
313,David Lynch
314,Brian Wysol
315,Nick Antosca
316,Seamus Kevin Fahey
317,Javier Olivares
318,Will Matthews
319,Reza Fahim
320,Ciro Nieli
321,Tom Gormican
322,Dan Signer
323,Jana Sinyor
324,James Coane
325,Ziwe Fumudoh
326,David Slack
327,David W. Duclon
328,Sarah-Violet Bliss
329,Sierra Teller Ornelas
330,Rick Berman
331,Chris Woods
332,Billy Brown
333,Richard Gitelson
334,Jean MacCurdy
335,Gemma Baker
336,Jeff Judah
337,Mohamed Sayed Bisheer
338,Greg Strangis
339,Dan Guntzelman
340,Peter Tolan
341,James Dormer
342,Meredith Scardino
343,Haruichi Furudate
344,Jonathan Prince
345,Mae Martin
346,Hayley Schore
347,Peter Knight
348,Irvine Welsh
349,Michael Seitzman
350,Achim von Borries
351,Rowan Atkinson
352,Anita Rivaroli
353,Seth Grahame-Smith
354,Derek Guiley
355,Morwyn Brebner
356,Sam Brown
357,Linda Wallem
358,Kamayani Vyas
359,Rick Ramage
360,Mark Baker
361,Todd J. Greenwald
362,Irene Sherman
363,Justin Adler
364,John Schulian
365,Camilla Holter
366,Dorothea Gillim
367,Christopher Teague
368,Adam Resnick
369,Josh Gad
370,Howard Leeds
371,Takeshi Mori
372,Bill Mantlo
373,Mark Shirrefs
374,Steven Long Mitchell
375,Joe Swanberg
376,Blake Anderson
377,The Weeknd
378,Michael Gunn
379,LeSean Thomas
380,William Blinn
381,John Thomas
382,Greg Walker
383,David Wilcox
384,Anne Kenney
385,Mike Nawrocki
386,Max Landis
387,Roy Winsor
388,Angela Kang
389,Olivier Dujols
390,Sidney Iwanter
391,Maureen Jennings
392,Kitty Flanagan
393,Eric Garcia
394,Ian Biederman
395,Christy Karacas
396,Joe Bereta
397,Roger Bollen
398,Jon Brown
399,Michael Smith
400,Christopher Crowe
401,Michael Colleary
402,Gary Scott Thompson
403,Keiji Inafune
404,Ben Gruber
405,Bobby Barbacioru
406,Claudio Corbucci
407,Jason Gann
408,Tea Lindeburg
409,Michael McGowan
410,Geoff Johns
411,Jonathan Entwistle
412,Luc Beerten
413,Andrew Jacobson
414,Stephen Merchant
415,John Gray
416,Eric André
417,Jess Brittain
418,Carrie Beck
419,Dana Gould
420,Jeff 'Swampy' Marsh
421,John L. Greene
422,Bill Wolkoff
423,Gordon Smuder
424,George Lucas
425,Jeremy Lloyd
426,Jack Rooke
427,Patrick McGinley
428,Rob Heyland
429,David Michel
430,Sam Bain
431,Jon Harmon Feldman
432,Adam Henry
433,Shelley Hoffman
434,Joe Gayton
435,Holly Huckins
436,Ian La Frenais
437,Jennifer Crittenden
438,Seth MacFarlane
439,Holden Miller
440,Hiromu Arakawa
441,Kenn Navarro
442,Scott Peters
443,Eric Kripke
444,David E. Kelley
445,Michael Lahay
446,James DeMonaco
447,Glenn Gordon Caron
448,Andrew Kreisberg
449,Andy Watts
450,Vanessa Ramos
451,D.J. Nash
452,Eddie Murphy
453,Gary Goddard
454,Sol Clemente
455,Greg Sullivan
456,Takashige Ichise
457,Bill Parker
458,Aitor Gabilondo
459,Lisa Rubin
460,Marc Hyman
461,Rachel Shukert
462,Rory Haines
463,Jay Tarses
464,Daron Nefcy
465,LeeAnne H. Adams
466,Traci Paige Johnson
467,Dennis Lehane
468,Itaru Bonnoki
469,Angus Oblong
470,Peter Gould
471,Russell Lewis
472,Diane Ruggiero-Wright
473,Elizabeth Meriwether
474,Lori Mather-Welch
475,Travis Fickett
476,Elgin James
477,Will Davies
478,Matt Burnett
479,Manolo Caro
480,Michael Ferris
481,Roberto Santiago
482,Nick Santora
483,Megan Abbott
484,Jim Leonard
485,Steven Moffat
486,Dana Fox
487,John-Henry Butterworth
488,Jerome Dobson
489,Kenneth Johnson
490,Andrew Ross Sorkin
491,Víctor Maldonado
492,Mitch Glazer
493,Max Joseph
494,Paul Abbott
495,Danny Arnold
496,Emily Kapnek
497,Ed Redlich
498,Jeffrey Addiss
499,McG
500,Lauren Gussis
501,Dana Goodman
502,Joseph Barbera
503,Phillip Iscove
504,Dean Lorey
505,Michael Landon Jr.
506,Gareth Evans
507,Alex Gansa
508,Julian Murphy
509,Craig Rosenberg
510,Elizabeth Craft
511,George R.R. Martin
512,Don Hall
513,Joe Kelly
514,Cory Williams
515,Shana Goldberg-Meehan
516,Bill Persky
517,Michael Duggan
518,Bob Carrau
519,Kyle Menke
520,Alex Kurtzman
521,Nigel McCrery
522,Darren Fairhurst
523,Chus Vallejo
524,Mike White
525,Paul Thureen
526,Eddie Gorodetsky
527,Chris Lang
528,Ron Nyswaner
529,Rachel Lang
530,Ramy Youssef
531,Vincent Sheehan
532,Malcolm Spellman
533,Stuart Carolan
534,Charlie Mills
535,Rumiko Takahashi
536,Diederik Van Rooijen
537,José Padilha
538,Aaron McGruder
539,Craig Sweeny
540,Robert Hughes
541,Shane Brennan
542,Jon Kroll
543,John Hawkesworth
544,Matthew Cirulnick
545,Tim Cahill
546,Matt Youngberg
547,Grant Orchard
548,Nicolai Cleve Broch
549,Tim Maile
550,Tony Hale
551,Ron Rodecker
552,Erik Skjoldbjærg
553,Frank Lesser
554,Peter Mohan
555,Man of Action
556,Julie Plec
557,Terry Grossman
558,Ellen Martin
559,Peter Nowalk
560,Anthony Cipriano
561,Robert Borden
562,Robert Hewitt Wolfe
563,Paul Reiser
564,Adam Small
565,Rick Eid
566,Amr Salama
567,Bill Nuss
568,Jim Clemente
569,Christy Stratton
570,Chris Savino
571,Michael J. Heagle
572,Daniel C. Connolly
573,Simon Mirren
574,Jeremy Zag
575,Robert Munic
576,Joe Berlinger
577,Gary Menteer
578,Niamh Sharkey
579,Masato Jono
580,Eric Robles
581,Shaun Cassidy
582,Robia Rashid
583,Binnur Karaevli
584,Gilles Daniel
585,Graeme Manson
586,Rich Eustis
587,Don Fedderson
588,Allan Loeb
589,Michele Abbott
590,Harry Williams
591,Erica Meredith
592,David Kajganich
593,David Sacks
594,Stefano Sollima
595,Gene Roddenberry
596,Chris Brandon
597,Mark Heyman
598,Steven Knight
599,Peter Casey
600,James Serafinowicz
601,Matt Tarses
602,Dan Harmon
603,Steven Brill
604,Paul Avila Mayer
605,Gabe Kaplan
606,Rachel Ramras
607,Fred Shafferman
608,Jim Fisher
609,Bob Kane
610,Rick Husky
611,Julia Smith
612,John Enbom
613,Brad Wright
614,Abbi Jacobson
615,Mark Evanier
616,Aaron Mahnke
617,Tony Wright
618,Lotte Offenberg Bergqvist
619,Joyce Burditt
620,Drew Vaupen
621,Dino Stamatopoulos
622,George Kay
623,Walter Brooks
624,Nicole Dubuc
625,Michael Waldron
626,Michael G. Stern
627,Tom McGrath
628,Lynda La Plante
629,Gavin Scott
630,Irma Correa
631,Liz Heldens
632,Josh Berman
633,Leah Fong
634,Frank D. Gilroy
635,Mike Kelley
636,Sally Abbott
637,John Gentile
638,David Kendall
639,Yvette Lee Bowser
640,Jeb Stuart
641,Menotti
642,Tim Heidecker
643,Don McGill
644,Eiichi Shimizu
645,David Hollander
646,Hannah Friedman
647,Anthony Wilson
648,James Corden
649,Dee LaDuke
650,Max Wylie
651,Geoff McQueen
652,Charles Parlapanides
653,Bart Uytdenhouwen
654,Paul Fusco
655,Vanessa Gazy
656,Phil McGraw
657,Christopher Miller
658,Aaron Martin
659,Aaron Guzikowski
660,Nancy Miller
661,Chris Downey
662,Jonathan Craven
663,Jane Turner
664,Samuel Baum
665,Richard Barton Lewis
666,John Sullivan
667,Paul Mullie
668,Christopher J. Nowak
669,Frank Lupo
670,Tina Fey
671,Nuran Evren Sit
672,Frank Mancuso Jr.
673,Kirsi Porkka
674,Gillian Flynn
675,Frank van Keeken
676,Obie Scott Wade
677,Khaki Jones
678,Tegan Quin
679,Donna D'Alessandro
680,Eric Martinez
681,Emma Frost
682,Oscar Botia
683,Bob Roth
684,Joe Fallon
685,Guy-Patrick Sainderichin
686,Tony Wharmby
687,Mariami Tanangco
688,Kelly McPherson
689,Adam Kay
690,Jhonen Vasquez
691,Kenneth Biller
692,Christopher Murphey
693,Mike Schiff
694,Patrick Harpin
695,Ben Nedivi
696,Jenji Kohan
697,Mike Werb
698,Martin Roth
699,Marta Szymanek
700,Jared Stern
701,Nancy Hult Ganis
702,Dana Stevens
703,Ben B. Singer
704,Martha Howe-Douglas
705,Julio Torres
706,Alan J. Higgins
707,Jacob Tierney
708,John Chernin
709,Ali LeRoi
710,Brandon Sonnier
711,Shannon Burke
712,Judy Tygard
713,Andrew Lenchewski
714,Josh Goldstein
715,Laurent Burtin
716,Todd Katzberg
717,Lex Gigeroff
718,Leila Gerstein
719,Michael Cusack
720,Sameer Saxena
721,Andrés Borda
722,Craig J. Nevius
723,Claudia Lonow
724,Jae-Jeong Song
725,Craig Pryce
726,Steve Marmel
727,Russell Marcus
728,Lewis Chesler
729,Cameron Porsandeh
730,Kenny Schwartz
731,Brian Clemens
732,Soo Hugh
733,Patrick McHale
734,Graham Roland
735,Luis Arranz
736,Joe Livecchi
737,Martin Freeman
738,Jim Dunn
739,Dan Yaccarino
740,Todd Kessler
741,Matthew Negrete
742,Chris Bartleman
743,Tracey Thomson
744,Baran bo Odar
745,Chris Houghton
746,Cyrill Boss
747,Marc O. Seng
748,Sam Myer
749,Tom McGillis
750,Bill Scott
751,Ryan Bergara
752,Steve Slavkin
753,Kerri Kenney
754,Karl Schaefer
755,Chris Sanders
756,Phil Rosenthal
757,Emily Spivey
758,Eric C. Charmelo
759,Mário Teixeira
760,Caleb Ranson
761,Hart Hanson
762,Konrad Kay
763,Patrik Gyllström
764,Kazuya Watanabe
765,Igor Gotesman
766,Toshiki Hirano
767,Ashley Lyle
768,Emilie Lebech Kaae
769,Barry Oringer
770,Tony Yacenda
771,Janet Tamaro
772,Carol Black
773,Paul Marquess
774,Carlos Quintanilla
775,Eric Weiner
776,Peyo
777,Dale McRaven
778,Steven Kane
779,Harve Bennett
780,Michael Patrick O'Brien
781,Terry George
782,Pascal Boutboul
783,Rob Doherty
784,Larry Wilmore
785,Ellen Vanstone
786,Kevin Smith
787,Luca Manzi
788,Simone Finch
789,Jason Jones
790,Douglas Wood
791,James Gunn
792,Bernie Kukoff
793,Henry Winkler
794,Toby Whithouse
795,David Garrett
796,Julia Pott
797,Raymond Thompson
798,Ethan H. Calk
799,James Farr
800,Marty Krofft
801,Barney Cohen
802,Yolanda Ramke
803,Jessica O'Toole
804,Jeffrey Klarik
805,Terry McGurrin
806,John Kricfalusi
807,Michel Lengliney
808,Harriet Warner
809,Charley Boorman
810,Craig Silverstein
811,Justin Halpern
812,Jim Reynolds
813,Rocío Martínez Llano
814,Josh Friedman
815,Dustin Thomason
816,Cathy Yuspa
817,Rebecca Addelman
818,Vicki Madden
819,Glória Perez
820,Mark Roberts
821,Adam Rudman
822,Gil Grant
823,Jacquelin Perske
824,Ben Bocquelet
825,Marc Silvestri
826,Lisa Eve Huberman
827,Boo Kyoung Kim
828,George W. Trendle
829,Dave Filoni
830,João Costa Van Hombeeck
831,Lee Shipman
832,Erika Brueggemann
833,Sharon Horgan
834,Anna McCleery
835,Tsuneo Takechi
836,Ralph Bakshi
837,Tim Kring
838,Joan Ganz Cooney
839,Matt Reeves
840,Jean Chalopin
841,Joe Glauberg
842,AJ Carothers
843,Bevan Lee
844,Noelle Stehman
845,Ray Allen
846,Tim Minchin
847,Terry Nation
848,Yoshiyuki Tomino
849,Courtney A. Kemp
850,Mike Sussman
851,Jon Foster
852,Roger Black
853,Breehn Burns
854,Michael Ballif
855,Adele Rose
856,Heath Seifert
857,Eiichiro Oda
858,Scott Alexander
859,Adam Green
860,Jerry Mayer
861,Zachary Crowe
862,Varun Thakur
863,Adam Reed
864,Chuck Lorre
865,Frank Spotnitz
866,Joe Hampson
867,Gege Akutami
868,Edward Kitsis
869,Sian Robins-Grace
870,Ruth Jones
871,Cody Heller
872,Henry Orenstein
873,Alyson Levy
874,James Dirschberger
875,Simon Blackwell
876,Ozlem Akturk
877,Dick Conway
878,Jon Lucas
879,Phoebe Waller-Bridge
880,Glen Morgan
881,Christopher Canaan
882,Matt Lambert
883,Russ Malkin
884,Emily Meyer
885,Mike Bullen
886,Daniel Johnson
887,Joe Simon
888,Neal Marlens
889,Glenn Howerton
890,Craig W. Van Sickle
891,Björn Stein
892,Richard Appel
893,Asalle Tanha
894,Anthony E. Zuiker
895,Noah Hawley
896,Joe Ansolabehere
897,Thomas L. Miller
898,Mark Satterthwaite
899,Jonathan Kasdan
900,Stephany Folsom
901,Mark A. Altman
902,Jay Beattie
903,Sigurjón Kjartansson
904,Bryan Moore
905,Tony Gilroy
906,Katherine Fugate
907,Craig Kyle
908,Dominic Mitchell
909,Julia Dufvenius
910,Joe Weisberg
911,Joseph Dougherty
912,Bud Wiggins
913,Roberto Saviano
914,Herbert F. Solow
915,Moira Demos
916,David Hemingson
917,Melissa London Hilfers
918,Philip Rosenthal
919,Simon Block
920,Aleksandr Kurlyandskiy
921,Wellesley Wild
922,Ryan Ottley
923,Matt Williams
924,Harlan Coben
925,Piet Matthys
926,Aury Wallington
927,David Wise
928,Matthew Arnold
929,David Rudman
930,Shane Prigmore
931,Nestor Hernandez
932,Matthew Perry
933,Gert Verhulst
934,Carlos Contreras
935,Paul Fruchbom
936,Michael Hegner
937,Amy Holden Jones
938,David Storey
939,Bill Burr
940,Jez Butterworth
941,Laurence Rickard
942,Charles H. Eglee
943,David Litt
944,Matthew Ireland Beans
945,Noah Pink
946,Liz Brixius
947,John Grace
948,J.F. Lawton
949,Chidori Hayashi
950,Anthony Lucero
951,Stacy McKee
952,Alexander Woo
953,Will Graham
954,James Cameron
955,Mitchell Burgess
956,Eric Morris
957,Mark Farrell
958,Bonnie Turner
959,Jay Howell
960,John Coveny
961,Denis Leary
962,Max Thieriot
963,Taika Waititi
964,Ed Helms
965,Ole Marius Araldsen
966,Mia Lidofsky
967,Patrick McKay
968,Chris Van Dusen
969,Collier Young
970,Elwood Reid
971,Richard Curtis
972,Steve Martin
973,Aaron Rahsaan Thomas
974,Mike Trapp
975,Ola Norén
976,Jordan Cahan
977,Eamonn Matthews
978,Ian Hecox
979,Henri Debeurme
980,Jim Gomez
981,Perry Chafe
982,Hannah Macpherson
983,Richard Rayner
984,Pendleton Ward
985,Andrea Wonfor
986,Jonathan Katz
987,Christopher C. Rogers
988,Gaia Violo
989,Harland Williams
990,Mark Millar
991,Philip Koch
992,Andrew Knight
993,Darren Swimmer
994,Oliver Lyttelton
995,Jennie Garth
996,Andy Borowitz
997,Gabe Sachs
998,Richard Hatem
999,Wil Calhoun
1000,Abe Forsythe
1001,Josselin Charier
1002,Scott B. Smith
1003,Sarah Schneider
1004,Duncan Trussell
1005,Bob Schooley
1006,Neil Biswas
1007,Constance M. Burge
1008,Hannah Bos
1009,William Link
1010,Michael Konyves
1011,Susan Borowitz
1012,Lauren Iungerich
1013,Andre Barro
1014,Juan Carlos Cueto
1015,Shelley Eriksen
1016,Sarah Lampert
1017,Eric Monte
1018,Alice Oseman
1019,Amalie Næsby Fick
1020,Cristian Ponce
1021,Joe Barton
1022,Grady Cooper
1023,Ron Fitzgerald
1024,Mike Lazzo
1025,Fax Bahr
1026,Tim Hedrick
1027,Kevin Healey
1028,Christopher Chacon
1029,Michelle Lovretta
1030,Akiyoshi Hongo
1031,Marguerite MacIntyre
1032,John Dilworth
1033,Russel Friend
1034,Andrew Dillon
1035,J.D. Payne
1036,Trygve Allister Diesen
1037,Denys Cowan
1038,Stephen M. Irwin
1039,Carlos Ramos
1040,Caroline Ip
1041,Mike Flynn
1042,Scott McAboy
1043,Zach Smilovitz
1044,Josh Griffith
1045,John Derevlany
1046,Kem Nunn
1047,David Pastor
1048,Henry Gilroy
1049,Oliver Lansley
1050,Edmund L. Hartmann
1051,Robby London
1052,David Wasson
1053,Tobi Baumann
1054,Luismi Pérez
1055,Ash Brannon
1056,Kjetil Indregard
1057,Joel Patterson
1058,Brandon Vietti
1059,Shane Houghton
1060,Nicolas Winding Refn
1061,Ari Katcher
1062,Burk Sharpless
1063,Ayana Itsuki
1064,Mariano Calasso
1065,Marc Strange
1066,Kit Hood
1067,Patrick Macmanus
1068,Andrew Cosby
1069,David Farr
1070,Rockne S. O'Bannon
1071,Mauro Casalese
1072,Lorenzo Music
1073,Christina Miller
1074,Anna Stoeva
1075,Doreen Spicer
1076,Lowell Ganz
1077,Osamu Tezuka
1078,Mickey Fisher
1079,Malin-Sarah Gozin
1080,Michael J. Weithorn
1081,Katherine Applegate
1082,Matt Hubbard
1083,Katie LeBlanc
1084,Scott Sanders
1085,Heather Wordham
1086,Kathy Greenberg
1087,Roger Damon Price
1088,Brian Kehoe
1089,Doug Miro
1090,Corinne Brinkerhoff
1091,Adriana Pelusi
1092,Chris Martin
1093,Carlton Cuse
1094,Carla Kettner
1095,Bruno Heller
1096,Andy Siara
1097,Bernard Vaillot
1098,Rosane Svartman
1099,Christy Hall
1100,Matt Flannery
1101,Simon Phillips
1102,Dennis Heaton
1103,Carol Hay
1104,Peter Gaffney
1105,Steve Pemberton
1106,Julien Lacombe
1107,Rebecca Sonnenshine
1108,Travis Beacham
1109,Joseph Pelling
1110,Blake Hunter
1111,Sophie Petzal
1112,Evan Jennings
1113,Debbie Moon
1114,Sergio G. Sánchez
1115,Eric Wald
1116,Curtis Gwinn
1117,Mikkel Serup
1118,Malcolm Campbell
1119,Ben Roberts
1120,Tom Tykwer
1121,Evan Katz
1122,Caroline Stanton
1123,Lloyd Goldfine
1124,Mark Williams
1125,Manny Coto
1126,Paul Scheer
1127,Don Perlin
1128,Keith Saltojanes
1129,Atul Mongia
1130,Bruce Degen
1131,Albert Kim
1132,Diplo
1133,Ross M. Dinerstein
1134,Gayatri
1135,Brit Marling
1136,Dan Etheridge
1137,Adrian Hodges
1138,Chris Alberghini
1139,Peter Paige
1140,Anthony Beltempo
1141,Issa Rae
1142,Ferry Guow
1143,Donald E. Westlake
1144,Jim Patterson
1145,Brian Gatewood
1146,Jeffrey Newman
1147,Kim Coghill
1148,Bill Gallagher
1149,Corinne Kingsbury
1150,Jared Moldenhauer
1151,Jim Geoghan
1152,Gillian Berrow
1153,Denis Morella
1154,Tom Gries
1155,David Mandel
1156,Atle Knudsen
1157,Kathleen Robertson
1158,Terri Edda Miller
1159,Michael Costanza
1160,Lorne Michaels
1161,Jacob Moffat
1162,Ben Chanan
1163,Cris Abrego
1164,Tom Kapinos
1165,Barbara Machin
1166,Robert Wolterstorff
1167,Leonard Stern
1168,Laeta Kalogridis
1169,William Bridges
1170,Javier Ambrossi
1171,Francesca Sloane
1172,Dan Perrault
1173,Warren Ellis
1174,Graham Linehan
1175,Richard Lindheim
1176,Leslie Iwerks
1177,SallyAnn Salsano
1178,Rob Williams
1179,Tim Minear
1180,Anna Bache-Wiig
1181,Brian Chin
1182,Jean-Louis Vandestoc
1183,Dimitrije Vojnov
1184,Jaime Paglia
1185,Matt Corman
1186,Charles E. Sellier Jr.
1187,Sam Boyd
1188,Lauren Faust
1189,Jan Van Rijsselberge
1190,Bruce Shelly
1191,Catalina Aguilar Mastretta
1192,Aaron Buchsbaum
1193,Nicolas Falacci
1194,Christy Marx
1195,Bobs Gannaway
1196,Van Partible
1197,Richard Alan Shapiro
1198,Jeff Eastin
1199,Dan Dworkin
1200,Calvin Kim
1201,Tony Holland
1202,Gustave Reininger
1203,Lucia Aniello
1204,Ben Watkins
1205,Shuichi Shigeno
1206,Sol Saks
1207,Evan Goldberg
1208,Michael Robotham
1209,Jim Hecht
1210,Adam Beechen
1211,Ben Court
1212,Mathew Baynton
1213,Kentaro Miura
1214,Christine Bartlett
1215,Mitchell Hurwitz
1216,Jeff Buhler
1217,Dave Burd
1218,John Hugginson
1219,Monty Oum
1220,John J. McLaughlin
1221,Monica Piper
1222,Sam Ernst
1223,Ben Falcone
1224,Natasha Allegri
1225,Stephen Levinson
1226,Misha Green
1227,Ron Koslow
1228,Phil Vischer
1229,Robert L. Boyett
1230,Rafael Lange
1231,Andreas Trolf
1232,Ben Levin
1233,Kyle A. Carrozza
1234,Patrick Somerville
1235,Bart Nickerson
1236,David Chase
1237,Roy Clarke
1238,John Altschuler
1239,Chris Nee
1240,Anna Konkle
1241,Ben Harris
1242,Carol Barbee
1243,Leslye Headland
1244,Jim Field Smith
1245,Adi Hasak
1246,Rick Rosner
1247,Alan Harris
1248,Stirling Silliphant
1249,Richard Price
1250,Biswapati Sarkar
1251,Doug Walker
1252,John Tinker
1253,Sandra Equihua
1254,Marc Cherry
1255,Greg Johnson
1256,César Benítez
1257,Wendy Molyneux
1258,Jay Sommers
1259,Kunihiko Ikuhara
1260,Larry Gelbart
1261,Robert Kirkman
1262,Joe Ruby
1263,Tim Federle
1264,Daniel Truly
1265,Carmen López-Areal
1266,Patxi Amezcua
1267,Tony Salerno
1268,Kyle Hunter
1269,Michael Amo
1270,Kevin Lerdwichagul
1271,Satoshi Adachi
1272,Otmar Gutmann
1273,Janice Burgess
1274,Michael Brandt
1275,Zoya Akhtar
1276,Ina Bruhn
1277,Bill Lawrence
1278,Judith Reeves-Stevens
1279,Vanessa Bayer
1280,Maurice Sendak
1281,Katori Hall
1282,Garry Marshall
1283,Wendy Perdue
1284,Caroline Graham
1285,Dan Hageman
1286,Tommy Lynch
1287,Terry Jones
1288,Di McElroy
1289,Alejandro Aimetta
1290,Leah Rachel
1291,David Wolstencroft
1292,Michael Carnes
1293,Chris Estrada
1294,Sarah Phelps
1295,Lindsay Calhoon Bring
1296,Andy Schwartz
1297,Michael Price
1298,David Sandreuter
1299,Ken Daurio
1300,Warwick Thornton
1301,Peter Hume
1302,Rita Moraes
1303,Bob Brush
1304,Moira Kirland
1305,Michael Mann
1306,Candie Langdale
1307,Brian Cosgrove
1308,Joey Graceffa
1309,Avi Issacharoff
1310,Elliott Kerrigan
1311,Lena Waithe
1312,Elan Gale
1313,Martin Cohan
1314,Peter Rees
1315,Tommy Sica
1316,Mike Leech
1317,Dave Chappelle
1318,Stéphane Carrié
1319,Bryan Elsley
1320,Petja Peltomaa
1321,Jason Schwartzman
1322,Eileen Heisler
1323,Mark Edward Edens
1324,Dan Curtis
1325,Tony Warren
1326,Fred Barron
1327,Daniel Zelman
1328,Terry Pratchett
1329,Joseph Mallozzi
1330,Paul Buys
1331,David Feiss
1332,Justin Shipley
1333,Sylvain Runberg
1334,Michael Tolkin
1335,Don Nicholl
1336,Breckin Meyer
1337,Sosuke Toka
1338,Ant Blades
1339,Matthew Graham
1340,Gloria Calderón Kellett
1341,Sid Krofft
1342,Isaure Pisani-Ferry
1343,Eugene Mattos
1344,Jesper Ganslandt
1345,Iginio Straffi
1346,Julie Martin
1347,Christian Taylor
1348,BenDavid Grabinski
1349,Alessandro Tanaka
1350,Peter Blackie
1351,Lukas Reiter
1352,Alan Smart
1353,Steven Bochco
1354,Joseph Kwong
1355,Seth Meyers
1356,Peter Chung
1357,Michael Feldman
1358,Phin Glynn
1359,Michael Rauch
1360,Andy Wilman
1361,Chuck Hogan
1362,Annemarie van Basten
1363,Jeff Vintar
1364,Eileen Gallagher
1365,Justin Sbresni
1366,Prince Harry
1367,Brent Butt
1368,Ash Avildsen
1369,Naoko Takeuchi
1370,Charles Murray
1371,Sarah Kucserka
1372,Tite Kubo
1373,Prem Mistry
1374,Jonathan Stern
1375,Peter Moffat
1376,Josh Gilbert
1377,Judd Apatow
1378,Andrew Sodroski
1379,Kazuma Kamachi
1380,Barbara Avedon
1381,Robin Green
1382,Jeremy Beiler
1383,Nat Saunders
1384,Alex Hirsch
1385,Sherri Cooper-Landsman
1386,Jim Abrahams
1387,Ronan Bennett
1388,Carol Leifer
1389,Silvio Horta
1390,John Hoffman
1391,Daniel Peak
1392,Rob Grant
1393,Todd Holland
1394,Gregori J. Martin
1395,Daiji Kazumine
1396,Andrew McElfresh
1397,Bede Blake
1398,Meg DeLoatch
1399,Duane Capizzi
1400,Asli Zengin
1401,Keenen Ivory Wayans
1402,Pete McTighe
1403,Anna Novák-Zemplinska
1404,Owen Dennis
1405,Jeff Davis
1406,Everett Downing Jr.
1407,Tommy Blacha
1408,David Zucker
1409,Guillermo Escalona
1410,Anders Weidemann
1411,Steve Viksten
1412,Jeff Schaffer
1413,Lynn Marie Latham
1414,Susanna Fogel
1415,Troy Wagner
1416,Wilhelm Behrman
1417,Dave Jones
1418,Gustavo Loza
1419,Frank Hursley
1420,Genndy Tartakovsky
1421,Andrew Miller
1422,Anthony Yerkovich
1423,Phil Ford
1424,Roberto Aguirre-Sacasa
1425,Michael Lannan
1426,Joe Brumm
1427,Steve Jaggi
1428,Will Rokos
1429,Avi Arad
1430,Will Carsola
1431,Jonathan Krisel
1432,David Crane
1433,Sebastián Ortega
1434,Siv Rajendram Eliassen
1435,Don Handfield
1436,Alexandra Zarowny
1437,Ian Kennedy Martin
1438,Susan Nickson
1439,Lana Wachowski
1440,Lisa Hanawalt
1441,Stephen Hillenburg
1442,Matthew Silverstein
1443,Nathan Fielder
1444,Jed Elinoff
1445,Randy Huggins
1446,Peter Hannan
1447,Susan Lacy
1448,Mike Tyson
1449,Ryan Welch
1450,Frank Miller
1451,Parker Simmons
1452,Luc Besson
1453,Charlie McDonnell
1454,Graham Chapman
1455,Phil Klemmer
1456,Max Borenstein
1457,Nicholas Filippi
1458,Nick Collins
1459,Richard Bell
1460,Michael Taylor
1461,Stan Sakai
1462,Winnie Enghien
1463,Rafael Casal
1464,Alexander Kessel
1465,Jenny Han
1466,Mary Laws
1467,Remi Aubuchon
1468,Micah Bloomberg
1469,Nicolas Tackian
1470,Becca Topol
1471,Gabriel Younes
1472,Michael Sloan
1473,Bill Martin
1474,Pilar Nadal
1475,Maggie Friedman
1476,Allan Manings
1477,Erica Saleh
1478,Ben Hoffman
1479,Glen Mazzara
1480,Flavien Vandelli
1481,Erik Legernes
1482,Judd Winick
1483,Alan Yang
1484,Ken Spears
1485,Raamla Mohamed
1486,Sally Griffiths
1487,Michael Ross
1488,Alexander Eik
1489,Steve Conrad
1490,D.B. Weiss
1491,Steve Ditko
1492,Derek Waters
1493,Dennis Kelly
1494,Marta Kauffman
1495,Sam Anzel
1496,Garfield Reeves-Stevens
1497,William M. Finkelstein
1498,Majdi Smiri
1499,Jeff Goode
1500,Aaron Cooley
1501,John Linson
1502,Ken Lipman
1503,Stephen King
1504,Mike Royce
1505,Michael E. Uslan
1506,Josie Burke
1507,Robert A. Cinader
1508,Noémie Saglio
1509,Melissa Clark
1510,Davey Holmes
1511,Jae-Beom Park
1512,Dean DeBlois
1513,Kane Parsons
1514,Georgia Pritchett
1515,Mark Massari
1516,Mark Boal
1517,Brian Graden
1518,Adam Peltzman
1519,Laurence Marks
1520,Alex Timbers
1521,Antoine Rodelet
1522,Kevin Burns
1523,Enrico Oldoini
1524,Alan B. McElroy
1525,Dana Terrace
1526,Alexander Cary
1527,Whitney Cummings
1528,Richard Correll
1529,Steve Yockey
1530,Frank Darabont
1531,Pamela Douglas
1532,Paul Bernbaum
1533,Miranda Kwok
1534,Fiona Eagger
1535,Scott Elder
1536,Gabe Liedman
1537,Tony Gayton
1538,Raphael Bob-Waksberg
1539,Brandon Margolis
1540,Blanche Hanalis
1541,Philip Mitchell
1542,Sallie Patrick
1543,Blake Crouch
1544,Matt Layzell
1545,Susan Seeger
1546,Rob Hudnut
1547,William Reiss
1548,Adam Brooks
1549,Tony Basgallop
1550,Aaron Korsh
1551,Justin Richmond
1552,Austin Winsberg
1553,Chris Kratt
1554,Robert Guza Jr.
1555,Maria Feldman
1556,Andy Lanning
1557,Moira Walley-Beckett
1558,Deborah Joy LeVine
1559,Matthew Weiner
1560,Maureen Chadwick
1561,Massimo De Rita
1562,Maurissa Tancharoen
1563,Robert Pincombe
1564,Mark Levin
1565,Sheryl J. Anderson
1566,Cecelia Ahern
1567,Fumikane Shimada
1568,John Falsey
1569,Scott Moore
1570,Julian Jones
1571,Bruce Lansbury
1572,Donald Todd
1573,Sam Catlin
1574,Dick Clair
1575,Steve Tompkins
1576,Christopher Gore
1577,Silvana Aguirre Zegarra
1578,Zach Grafton
1579,Aaron Ehasz
1580,Frank Halbert
1581,Grant Scharbo
1582,Josh Schaer
1583,Nichelle D. Tramble
1584,Sam Sklaver
1585,William Hartley
1586,David Allison
1587,Josh Miller
1588,Rachael New
1589,Iván Escobar
1590,Jim Gavin
1591,Jean-Christophe Grangé
1592,Matt Ingebretson
1593,Mike Evans
1594,John J. Sakmar
1595,Akiyuki Shinbô
1596,Carl Macek
1597,John Furia
1598,Sherry White
1599,Michael B. Kaplan
1600,Jonas Torgersen
1601,Jamie Kennedy
1602,Allan Hawco
1603,Kevin Kopelow
1604,Duncan Rouleau
1605,Craig McCracken
1606,Reg Watson
1607,Dana Eden
1608,Burnie Burns
1609,Samantha Strauss
1610,Bob Konrad
1611,Scott Silveri
1612,Richie Mehta
1613,Miguel Puga
1614,Kevin Burke
1615,Michelle Ricci
1616,Rodrigo Monte
1617,Ekta Kapoor
1618,Raj Nidimoru
1619,Nick Wauters
1620,Ryan J. Condal
1621,Jane Campion
1622,Matthew Senreich
1623,Tassie Cameron
1624,Meredith Averill
1625,Will Forte
1626,Per-Olav Sørensen
1627,Peter M. Lenkov
1628,Teresa Fernández-Valdés
1629,John Masius
1630,Damon Lindelof
1631,Lilly Wachowski
1632,Guy Fraumeni
1633,R. Lee Fleming Jr.
1634,Sean Jara
1635,David Griffiths
1636,Brad Garrett
1637,David Mirkin
1638,Sebastián Parrotta
1639,Aaron Horvath
1640,Sarah Streicher
1641,Tim Hobert
1642,Anthony Gaud
1643,Diane Burroughs
1644,Raelle Tucker
1645,Mike Luciano
1646,Ben Best
1647,Christopher Storer
1648,Ian Goldberg
1649,Alec Berg
1650,Brett Baer
1651,Kozo Morishita
1652,Valerie Walsh
1653,Josh H. Etting
1654,Mike Judge
1655,J.J. Philbin
1656,Vincent Caffarello
1657,Gosho Aoyama
1658,Jack Ferraiolo
1659,Søren Sveistrup
1660,Dan Patterson
1661,Johannes Boss
1662,Thomas Baum
1663,Larry David
1664,Mark Schwahn
1665,Dean Hargrove
1666,Matt Wolpert
1667,Martin Gero
1668,Matthew Federman
1669,GF Newman
1670,Jay Lender
1671,Hamid Hlioua
1672,Peter Morgan
1673,Lars Beckung
1674,Bob Gale
1675,Adi Shankar
1676,Jonathan E. Steinberg
1677,Julian Fellowes
1678,Robert Zemeckis
1679,Danny Antonucci
1680,Timothy Greenberg
1681,Kerry Lenhart
1682,Mark Duplass
1683,Emre Sahin
1684,Stacy A. Littlejohn
1685,Drew Massey
1686,Stan Lee
1687,Will McRobb
1688,Brannon Braga
1689,Hans Rosenfeldt
1690,James D. Parriott
1691,Dan Abnett
1692,Toshifumi Kawase
1693,Kurt Sutter
1694,Steve Hughes
1695,Roy Huggins
1696,Radford Sechrist
1697,Irving Vendig
1698,Kent Butterworth
1699,Jim Henson
1700,Jed Whedon
1701,Dave Willis
1702,Julie McNally Cahill
1703,Haley Daniels
1704,Lodge Kerrigan
1705,Ben Cory Jones
1706,Guillermo del Toro
1707,Hanno Hackfort
1708,Elaine Aronson
1709,Marti Noxon
1710,Cao Hamburger
1711,Allan Scott
1712,Jesse Rapczak
1713,Sam Zvibleman
1714,Tony Phelan
1715,Leonard Freeman
1716,Jesse Armstrong
1717,Sam Gorski
1718,Jenny Lumet
1719,Michael Berk
1720,Joe Connelly
1721,Jim Dauterive
1722,Sander van Meurs
1723,Ed Decter
1724,Ron Cowen
1725,Joss Whedon
1726,Boris Dolenc
1727,Craig Turk
1728,Sheldon Leonard
1729,Dorte Warnøe Høgh
1730,Shane Madej
1731,Fabrice Gobertc
1732,Elizabeth Sarnoff
1733,Ezio Abbate
1734,Rick Wiener
1735,Joshua Safran
1736,John Hyams
1737,Stanley Ralph Ross
1738,Chris Briggs
1739,Evan Baily
1740,Ghia Godfree
1741,Alan Burnett
1742,Eric Idle
1743,Jack Dolgen
1744,Joe Lawson
1745,Steve Thompson
1746,Will Arnett
1747,Cerim Manovi
1748,Mayo Simon
1749,Assi Azar
1750,Salim Akil
1751,Richard Pepin
1752,Jerry Zucker
1753,Waco O'Guin
1754,Ben Sinclair
1755,Graham Yost
1756,David Schickler
1757,Alfred Gough
1758,Jordan Peele
1759,J.T. Rogers
1760,Adam Horowitz
1761,Michael Koman
1762,Helen Gregory
1763,Johnny Capps
1764,Bill Dubuque
1765,David S. Goyer
1766,Mehmet Bozdag
1767,Zal Batmanglij
1768,Sandro Halphen
1769,Chris Parker
1770,Carmen Ortiz
1771,Shawn Ryan
1772,Joanna Werner
1773,Neil Jones
1774,Kyle Killen
1775,Bryan Baeumler
1776,Andrew Brown
1777,Jon Iver Helgaker
1778,Greg Davies
1779,Jun Lana
1780,Kieran Prendiville
1781,Peter Filardi
1782,Rick Riordan
1783,Roy Mitchell
1784,Patrik-Ian Polk
1785,Amit Cohen
1786,Maarten Hoedemaekers
1787,Àlex Pastor
1788,Patrick Brammall
1789,Brian J. Adams
1790,Chips Hardy
1791,Kynan Griffin
1792,Brent DiCrescenzo
1793,Saad Khan
1794,Kurt Mueller
1795,Todd Harthan
1796,David Jacobs
1797,Gabe Pulliam
1798,Tim Walsh
1799,Manny Hernandez
1800,Chris Elliott
1801,Peter Browngardt
1802,Marshall Herskovitz
1803,Stephanie Sengupta
1804,Lynne Naylor
1805,Devin Clark
1806,Diane Taylor
1807,Erica Rothschild
1808,Benjamin Ross
1809,Cheo Hodari Coker
1810,William Joyce
1811,Henning Mankell
1812,Jeffrey Richman
1813,Irwin Allen
1814,Joe Port
1815,John P. Rogers
1816,Elliott Owen
1817,Dara Resnik
1818,Christopher L. Yost
1819,Michael S. Anderson
1820,Logan Thirtyacre
1821,Gul Khan
1822,Josh Flanagan
1823,Greg Weisman
1824,Mark Zaslove
1825,Julian Unthank
1826,Arkadiy Khayt
1827,Jennifer Flackett
1828,Kelly Galuska
1829,Daniel di Grado
1830,Hans Beimler
1831,Gray G. Haddock
1832,Tracy Newman
1833,Jon Pollack
1834,Herbert B. Leonard
1835,Jorge Ortiz de Pinedo
1836,Franck Thilliez
1837,Marc Ceccarelli
1838,Nathaniel Halpern
1839,Jason George
1840,John Griffin
1841,Adam Simon
1842,George Adams
1843,Beth Sullivan
1844,Stuart Shawcross
1845,Daniel Gregory Browne
1846,Daisy Coulam
1847,Jonathan Stark
1848,Martin Kratt
1849,Everett Peck
1850,Guido Maria Brera
1851,Blake Edwards
1852,Tom McLoughlin
1853,John Wilder
1854,Dan Cross
1855,Neal Brennan
1856,Donald R. Boyle
1857,John Johnson
1858,Josh Harmon
1859,Kazuki Takahashi
1860,John Wells
1861,Cheryl Heuton
1862,Robert Rodriguez
1863,Michael Crichton
1864,Daniel Goldfarb
1865,Frédéric Garcia
1866,Hideki Sonoda
1867,Fuyashi Tou
1868,Tom McCarthy
1869,Gregory Jacobs
1870,Michael Green
1871,Maya Erskine
1872,Gavin Blair
1873,Brian Peterson
1874,Bill Schultz
1875,John Mychal Feraren
1876,David Caspe
1877,Pamela Hickey
1878,Matt Stone
1879,William Hanna
1880,Little Marvin
1881,Jordan Budde
1882,Sujoy Ghosh
1883,Cyril Abraham
1884,Shuki Levy
1885,Mark Frost
1886,Robin Barataud
1887,Samo Login
1888,Sarah D. Cole
1889,James Burrows
1890,John P. McCann
1891,Meg Davies
1892,George Evelyn
1893,Foz Allan
1894,Tony Morphett
1895,John Shiban
1896,Amir Shaheen
1897,Rick Copp
1898,Daniel Abraham
1899,Ashley Nichols
1900,Nicholas Tabarrok
1901,Steven Lilien
1902,Javier Calvo Guirao
1903,Marco Ramirez
1904,Amir Jaffar
1905,Walter R. Brooks
1906,Kevin Hench
1907,Rachel Cuperman
1908,James LaRosa
1909,Anders Holm
1910,Wilford Lloyd Baumes
1911,Tony Grounds
1912,Jason Micallef
1913,Justin Haythe
1914,Danny McBride
1915,Bragi F. Schut
1916,Giovanni Galassi
1917,Hanno von Contzen
1918,Agustín Martínez
1919,Annie Weisman
1920,J. Michael Straczynski
1921,Charlie Parsons
1922,Murray Shostak
1923,Richard Starzak
1924,Joanna Hartwig-Skalska
1925,Eric Darnell
1926,Eoghan O'Donnell
1927,Bill Hader
1928,Norton Virgien
1929,George Olson
1930,Amy Lippman
1931,Cynthia Cidre
1932,Caroline Dries
1933,Tom Edge
1934,Takayama Liz
1935,Quinta Brunson
1936,Pushkar
1937,Neill Blomkamp
1938,Phil Baker
1939,Stefano Bises
1940,Sara Quin
1941,Karan Anshuman
1942,Roshan Sethi
1943,Steven Molaro
1944,Trey Parker
1945,Nick Frost
1946,Bob Fisher
1947,Andrew J. Golder
1948,Tony Gittelson
1949,Hagai Levi
1950,Jon Bokenkamp
1951,Susin Nielsen
1952,Jeff Freilich
1953,Mark Chappell
1954,Ed Ferrara
1955,Anna Fricke
1956,Ryôgo Narita
1957,Peter Elkoff
1958,Bertram van Munster
1959,Barry O'Brien
1960,Jason Smilovic
1961,Damon Wayans
1962,María López Castaño
1963,Sandrine Nguyen
1964,Matt Nix
1965,Bobcat Goldthwait
1966,Tommy Kalmar
1967,Charley Parlapanides
1968,Michael Showalter
1969,Matt Olmstead
1970,Natasha Lyonne
1971,M.A. Fortin
1972,Brian K. Vaughan
1973,Paul Piedfort
1974,Mark Fergus
1975,Brian Bird
1976,Larry Cohen
1977,Anna Fisher
1978,Jay Duplass
1979,Jeff Tremaine
1980,Charlie Huston
1981,Gordon Barnett
1982,Dolly Alderton
1983,Nikhil Vyas
1984,Patrick Graham
1985,Craig Mazin
1986,Andy Heyward
1987,Jeppe Gjervig Gram
1988,Betsy Van Stone
1989,Carin Greenberg
1990,Lang Fisher
1991,Dean White
1992,Kieran Valla
1993,Thordur Palsson
1994,Stephen Falk
1995,Hideaki Anno
1996,John Scott Shepherd
1997,Michael Chabon
1998,Steven Rogers
1999,Douglas Love
2000,Vince Gilligan
2001,Paul Zbyszewski
2002,David Renwick
2003,Jeffrey Koval
2004,Adam Price
2005,Peter Aykroyd
2006,Tony Ayres
2007,Catherine Reitman
2008,Miguel Tejada-Flores
2009,Kate O'Riordan
2010,Larry Dorf
2011,Kate Brooke
2012,Gideon Raff
2013,Kevin Heffernan
2014,Erwin Caezar Bravo
2015,Liam Vickers
2016,Josh Appelbaum
2017,Richard Rothstein
2018,Amy Schumer
2019,David Broyles
2020,John D. Beck
2021,Peter Hammond
2022,Eddie Gonzalez
2023,Lenore Zion
2024,Stephen Tolkin
2025,Luke Pearson
2026,Georges Simenon
2027,Mike Scully
2028,Michael Lucas
2029,Meaghan Oppenheimer
2030,Greg Rucka
2031,Shotaro Ishinomori
2032,Harry Ackerman
2033,Charles Rogers
2034,Leigh Whannell
2035,Ted Humphrey
2036,Beth Schwartz
2037,Christopher Silber
2038,Alex Galatis
2039,Jack Burns
2040,Jack Treviño
2041,Martin Bustos
2042,Xiaofeng He
2043,Steve Lightfoot
2044,Alison Snowden
2045,Stephen Kronish
2046,Adam Zwar
2047,Anthony Gentile
2048,Justin Marks
2049,James Griffin
2050,Jon Favreau
2051,Jonathan Shapiro
2052,April Kelly
2053,Alexi Hawley
2054,Dean Cropp
2055,Jeny Quine
2056,Vincent Chalvon-Demersay
2057,Charlie Hauck
2058,Gary Murphy
2059,Emanuel Jacobina
2060,Lior Raz
2061,Betsy Thomas
2062,Tracey Wigfield
2063,Bob Mosher
2064,Derek Kolstad
2065,Alexandra Rushfield
2066,Rileah Vanderbilt
2067,Penn Jillette
2068,Donald Glover
2069,Jeff Chiang
2070,Eric Manes
2071,Susan Strange
2072,Ed Talfan
2073,Predrag Antonijevic
2074,Samara Ibrahim
2075,Kate Atkinson
2076,Ariana Jackson
2077,Fernando Gaitán
2078,Fabrice Gobert
2079,Dan Fogelman
2080,Aisling Bea
2081,John Fusco
2082,Jonathan Levine
2083,Seth Rogen
2084,Casper Kelly
2085,Michael Beilinson
2086,Brian Yorkey
2087,Michael Svane Knap
2088,Jonny Belt
2089,Christopher Cantwell
2090,Mike Chessler
2091,Curro Royo
2092,Ana Fabrega
2093,Jill E. Blotevogel
2094,Amy Seimetz
2095,Jason Bolicki
2096,Judd Lynn
2097,Chris Potts
2098,Josh Goldsmith
2099,Jake Coburn
2100,Paul T. Scheuring
2101,Matt Sazama
2102,Robert K. Weiss
2103,Isaac Aptaker
2104,Mark Rothman
2105,David M. Stern
2106,Pieter Kuijpers
2107,David Graziano
2108,Cal Coons
2109,Henry King Quitain
2110,Rebecca Perry Cutter
2111,Maggie Mull
2112,Christopher Ballinger
2113,Silvana Aguirre
2114,Olli Haikka
2115,Michael Garrison
2116,Paul Simms
2117,Bruce Wagner
2118,Jeff Harris
2119,James L. Brooks
2120,Carina Adly MacKenzie
2121,Ryan Brown
2122,Mitchell Galin
2123,Hajime Kanzaka
2124,Doug Moench
2125,Ruth Bennett
2126,Bill Mumy
2127,Krister Johnson
2128,Gerard Lee
2129,Marie Jardillier
2130,Matt Owens
2131,Lisa Langseth
2132,Daniel Knauf
2133,Elise Doganieri
2134,Gigi McCreery
2135,Byron Minns
2136,Arlene Klasky
2137,Luis Moya
2138,Tracy Tormé
2139,Alice Seabright
2140,Anthony Spinner
2141,Antônio Tibau
2142,George Pelecanos
2143,Daniel Brierley
2144,Rolin Jones
2145,Michelle Ashford
2146,Megan Ganz
2147,Brett Konner
2148,Kieron Quirke
2149,Tara Butters
2150,Drew Carey
2151,Dylan Reader
2152,Alan Ball
2153,David Schneiderman
2154,Barbara Hall
2155,Tomohiro Shimoguchi
2156,Daragh Carville
2157,Ford Riley
2158,Doug Ellin
2159,Ivan Knezevic
2160,Ezra Koenig
2161,Ian Abrams
2162,Ami Cohen
2163,Tom Taylor
2164,Dmitry Lipkin
2165,Amy Sherman-Palladino
2166,Daniel Powell
2167,Matthew Hall
2168,Peter Jackson
2169,Erica Glynn
2170,Mike Clattenburg
2171,Jenna Bans
2172,Dane Boedigheimer
2173,Philip Smith
2174,Kevin Fleming
2175,Irna Phillips
2176,Dan Erickson
2177,Maria von Heland
2178,Barry Langford
2179,Iñaki Ariztimuño
2180,Christian Le Guilloux
2181,Kim Bass
2182,Betty Corday
2183,Siddharth Hirwe
2184,John Bellucci
2185,Jason Shuman
2186,Jeff Borkin
2187,Kevin Falls
2188,Dennis Liu
2189,Christy Hui
2190,Luke Del Tredici
2191,Bert V. Royal
2192,Leon Griffiths
2193,Amy Rardin
2194,Chris Murray
2195,Franck Ollivier
2196,Leo Chu
2197,Fabien Nury
2198,Michael Davis
2199,Héctor Lozano
2200,James Buxbaum
2201,David Wiener
2202,Dallas Jenkins
2203,Ariel Shaffir
2204,Alex Yazbek
2205,Robert Doherty
2206,Mike Fleiss
2207,Eugene Levy
2208,Damian Kindler
2209,Allison M. Gibson
2210,Josh Weinstein
2211,Ryan Condal
2212,Jymn Magon
2213,Douglas Schwartz
2214,Simon Allen
2215,Yash Patnaik
2216,Alfredo Torres
2217,Ivan Goff
2218,Howard J. Morris
2219,Michael D. Fuller
2220,Thierry Debroux
2221,Joel Surnow
2222,Joan Rater
2223,Dan Sefton
2224,Vera Miao
2225,Daniel Écija
2226,Nicholas Wootton
2227,Dominic Minghella
2228,Ernesto Korovsky
2229,Jonas Pate
2230,Ed Brubaker
2231,Richard Warlow
2232,Robert Scull
2233,Jeffrey Lieber
2234,Joseph DeLage
2235,Justin Noble
2236,Lucio Battistrada
2237,Gary R. Johnson
2238,Glenn Eichler
2239,Tory Stanton
2240,Joe Murray
2241,Martin Hahn
2242,Hirotaka Adachi
2243,Tatiana Bacal
2244,Masaki Kajishima
2245,Yoshihiro Togashi
2246,Ryukishi07
2247,John A. Davis
2248,Megan Dong
2249,James Thorpe
2250,Andrew Davies
2251,Mirko Cetrangolo
2252,David Croft
2253,Heidi Thomas
2254,Nathan Mayfield
2255,Simon Evans
2256,Ilene Chaiken
2257,Gamon Sakurai
2258,Anja Lundqvist
2259,Robert Getchell
2260,Mohammed Amer
2261,Matt Maiellaro
2262,Tony Barrett
2263,Jeff Fazio
2264,Vivienne Medrano
2265,Georgia Lee
2266,Christina Lee
2267,Robert C. Cooper
2268,Power Rangers Story Department
2269,David Alexanian
2270,Sarah Burgess
2271,Terence Paul Winter
2272,Jan Martin Scharf
2273,Skip Bronkie
2274,Steven Canals
2275,Kevin Williamson
2276,Paul Donovan
2277,Larry Karaszewski
2278,Steve Zaillian
2279,Sally Browning
2280,Peter Flannery
2281,Herman Miller
2282,Jonathan Glassner
2283,Laura Ricciardi
2284,Denise Kræmer
2285,Paul Germain
2286,Peter Fincham
2287,Rangita Pritish Nandy
2288,Allan Heinberg
2289,Ant Ward
2290,Simon Maxwell
2291,Dennys McCoy
2292,Michelle King
2293,Michael Dante DiMartino
2294,Maria Ferrari
2295,Jeremy Carver
2296,Zach Hadel
2297,Monty Berman
2298,Eric Lewald
2299,Hugh Wilson
2300,David Shore
2301,Carol Mendelsohn
2302,Debbie Horsfield
2303,Richard Clark
2304,David Benioff
2305,Brent V. Friedman
2306,Marty Isenberg
2307,Phil Harnage
2308,Joe Wiseman
2309,Akira Toriyama
2310,Chris Witaske
2311,Carlo Mazzotta
2312,Earl Hamner Jr.
2313,Bonnie Zacherle
2314,Joanna Cole
2315,Till Kleinert
2316,Joby Harold
2317,Eric Ellis Overmyer
2318,Dennis Marks
2319,Shûichi Asô
2320,David Simon
2321,Josephine Bornebusch
2322,Dean Devlin
2323,Zach Cregger
2324,Ethan Nicolle
2325,Aayush Gaur
2326,Jason Stone
2327,David Holden
2328,Paul Henning
2329,Garry Shandling
2330,Chad Hodge
2331,Alena Smith
2332,Jordana Arkin
2333,Lon Diamond
2334,Robert Cochran
2335,Abby Mann
2336,Andrew Dettmann
2337,Malenga Mulendema
2338,Sidney Cole
2339,David A. Goodman
2340,Jerry Seinfeld
2341,Sam Shaw
2342,Steve Marshall
2343,Jani Volanen
2344,Roberto Orci
2345,Jim Kehoe
2346,Kerry Ehrin
2347,Neil Gaiman
2348,Joe Penhall
2349,James Richardson
2350,Glen Dolman
2351,Robert Carlock
2352,Jon Robin Baitz
2353,Dan Futterman
2354,Chris Gifford
2355,Andrew Anastasios
2356,Jeffrey Grant Rice
2357,Jorge R. Gutierrez
2358,Jeff Pinkner
2359,Michael Tollin
2360,Jack Williams
2361,Trevor Munson
2362,Jeremy Konner
2363,Willem Wennekers
2364,Veena Sud
2365,Cynthia Mort
2366,Marcia Clark
2367,Ian Jones-Quartey
2368,Tony McNamara
2369,Seth Green
2370,Hanna Lundblad
2371,Roger Corman
2372,Gary Markowitz
2373,David O'Leary
2374,James Lee Hernandez
2375,Baker Terry
2376,Kevin Arkadie
2377,Will Speck
2378,Brendon Small
2379,David McFadzean
2380,Juliette Soubrier
2381,Graham Gordy
2382,John Hlavin
2383,Julie Wassmer
2384,Sam Egan
2385,Jennifer Nangle
2386,Tim Robinson
2387,Bert Van Dael
2388,Phil Lord
2389,Ben Edlund
2390,Eric Fogel
2391,Carl Reiner
2392,Steve Cochrane
2393,Andrew Gurland
2394,Carter Covington
2395,Scott Buck
2396,Elizabeth Kruger
2397,Nicholas Pileggi
2398,Michele Fazekas
2399,Russell T. Davies
2400,Dario Russo
2401,David Safier
2402,Anders Frithiof August
2403,Karen Janszen
2404,Will Beall
2405,Charlie Grandy
2406,Perlina Lau
2407,Stephen Warbrick
2408,Craig Bartlett
2409,Ricky Gervais
2410,Arne Sultan
2411,Louis C.K.
2412,Stephanie Morgenstern
2413,James Brouwer
2414,John Holmes
2415,Noga Landau
2416,Zander Lehmann
2417,Philip DeGuere Jr.
2418,Ivan Raimi
2419,José Velasco
2420,Erle Stanley Gardner
2421,William Moulton Marston
2422,Charlotte Sanson
2423,Patrick Q. Page
2424,Thomas Romain
2425,Jimmy McGovern
2426,Jerry Adelman
2427,Travis Braun
2428,John Harvatine IV
2429,Dave Erickson
2430,Chris Brancato
2431,Chris Romano
2432,Katsura Hoshino
2433,Olen Steinhauer
2434,David Guggenheim
2435,Darcy Fowler
2436,Roland Ulvselius
2437,Peter McKenna
2438,Mike Reiss
2439,Andreas Linke
2440,Gary Dauberman
2441,Kristian Andersen
2442,Tracy Gamble
2443,Steve Dildarian
2444,Jeremy Stieglitz
2445,Tsuina Miura
2446,Prudence Fraser
2447,Shawn Simmons
2448,Jeffrey Scott
2449,Mark Steinberg
2450,Sherwood Schwartz
2451,David Kohan
2452,Todd A. Kessler
2453,Carly Mensch
2454,Michael Petroni
2455,Lee Dainton
2456,Kaz
2457,Lee Phillip Bell
2458,Iris Otten
2459,Ziki Nelson
2460,Nick Jennings
2461,Warren Leight
2462,Jan Nash
2463,Mara Brock Akil
2464,Narumi Kakinouchi
2465,Dragan Bjelogrlic
2466,Rick Remender
2467,Simon Duric
2468,Greg Coolidge
2469,Thomas Wheeler
2470,Sera Gamble
2471,Lamar Damon
2472,Matthew Fernandes
2473,Farhad Safinia
2474,Kelly Marcel
2475,Sterlin Harjo
2476,Debby Beece
2477,Jane Espenson
2478,Jeri Taylor
2479,Sarah Walker
2480,Chris Carter
2481,Dan Berendsen
2482,Aaron Zelman
2483,Julie Gearey
2484,Bob Tzudiker
2485,Gregory Thomas Garcia
2486,Dan Goor
2487,Michael Leeson
2488,Bruce Rasmussen
2489,Aron Eli Coleite
2490,Marco Pennette
2491,Dave Jeser
2492,Geoffrey Darby
2493,Gina Riley
2494,Chris Lilley
2495,Ed Naha
2496,Jessica Gao
2497,Mark Little
2498,Paul Attanasio
2499,Lara Radulovich
2500,Franc Roddam
2501,Maor Kohn
2502,Lee David Zlotoff
2503,Rick Suvalle
2504,Jace Richdale
2505,Tom Patchett
2506,Brad Peyton
2507,Kiri Hart
2508,Paul Rudd
2509,Richard Harris
2510,James Wong
2511,Steven S. DeKnight
2512,Jordan Weiss
2513,Robert Murphy
2514,Mike Flanagan
2515,Julie Andem
2516,Richard Raynis
2517,Tony Krantz
2518,Gerry Anderson
2519,Derrick Speight
2520,Javier Holgado
2521,Ellen Rapoport
2522,Olan Rogers
2523,Elizabeth Berger
2524,Gary Janetti
2525,Angela Santomero
2526,James Bobin
2527,Malcolm MacRury
2528,Dean Bakopoulos
2529,Kevin Murphy
2530,Tab Murphy
2531,Evan Romansky
2532,Tom Sheppard
2533,April Blair
2534,Dave Capdevielle
2535,Andrew De Angelis
2536,David B. McLane
2537,Hiro Mashima
2538,David Maples
2539,Stephanie Simpson
2540,Angela C. Santomero
2541,Martin Lawrence
2542,Andrew Goldberg
2543,John Cosgrove
2544,Soo Kim
2545,Masanobu Kawahara
2546,Cindy Chupack
2547,Oh! Great
2548,Amy Andelson
2549,Michael Piller
2550,Tony Schumacher
2551,Krishna D.K.
2552,Jim O'Doherty
2553,Steven Spielberg
2554,Jeff Rake
2555,Paul Playdon
2556,Raúl Navarro
2557,Kathy Antonsen Rocchio
2558,Apurva Asrani
2559,Diablo Cody
2560,Ted Dewan
2561,Chris Fedak
2562,Aaron Ruben
2563,Michael Turner
2564,Leigh McGrath
2565,Joseph Merhi
2566,Eric Wareheim
2567,Michael G. Wilson
2568,Silka Luisa
2569,Jeremy Clarkson
2570,Darío Madrona
2571,Shreyansh Pandey
2572,Philippe Niang
2573,Kim LeMasters
2574,David Davis
2575,Alex De Rakoff
2576,André Bormanis
2577,Andrew Weinberg
2578,Doug Mand
2579,Damon Beesley
2580,Aline Brosh McKenna
2581,Jamie Mitchell
2582,Yoshito Usui
2583,Doug Langdale
2584,Taichi Kawazoe
2585,Jeffrey Hirschfield
2586,Julio Jiménez
2587,Feliks Kamov
2588,Aidan Harte
2589,Gregg Hale
2590,Thom Beers
2591,Keith Chapman
2592,Bob Camp
2593,Terri Minsky
2594,David Angell
2595,Bernard Lechowick
2596,Aubrey Ankrum
2597,Steven Maeda
2598,Ian Collie
2599,Christian Williams
2600,Tzion Baruch
2601,Laurie McCarthy
2602,Jemaine Clement
2603,Adam Miller
2604,Regina Moriarty
2605,Charlie Covell
2606,Robert Ben Garant
2607,Joe Keenan
2608,Patrick Sean Smith
2609,Paul W. Downs
2610,Ryan J. Brown
2611,Ted Corday
2612,Hank Steinberg
2613,Jared Keeso
2614,Paul Mendelson
2615,Charles Picco
2616,Butch Hartman
2617,Peter S. Beagle
2618,Lars Lundström
2619,Christopher Keyser
2620,Jennifer Kaytin Robinson
2621,Tom Martin
2622,John McNamara
2623,Rawson Marshall Thurber
2624,Zach Bellissimo
2625,Zach Kanin
2626,Toshizo Nemoto
2627,Rob Blackie
2628,Alan R. Cohen
2629,Jennifer Pertsch
2630,David Zuckerman
2631,Jenny Bicks
2632,Steven T. Seagle
2633,Robert Hamner
2634,Nic Pizzolatto
2635,Kate Mulvany
2636,Charles Pratt Jr.
2637,Stan Daniels
2638,Jim Bernstein
2639,Anne Bjørnstad
2640,Fede Alvarez
2641,Anand Tiwari
2642,Mark Leveson
2643,Sam Esmail
2644,Kohta Hirano
2645,Jordan Blum
2646,Joshua Sternin
2647,Puneet Krishna
2648,Cyrus Voris
2649,Ken Robinson
2650,Adam Jay Epstein
2651,Richard Kropf
2652,Paul Downs Colaizzo
2653,Michael Jacobs
2654,Matt Cameron
2655,Nicole Yorkin
2656,Jason Katims
2657,Akira Kitamura
2658,Charles M. Schulz
2659,JJ Fong
2660,Mike Mitchell
2661,I. Marlene King
2662,Lesean Thomas
2663,R.T. Thorne
2664,Jeremy Slater
2665,Max Keane
2666,Peter Holmes
2667,Sam Simon
2668,John Leekley
2669,Álex Pina
2670,Tim Miller
2671,Mathieu Missoffe
2672,Trent O'Donnell
2673,Ralph Farquhar
2674,Simon Farnaby
2675,Julia Fitzmaurice
2676,Karl Gajdusek
2677,Pip Hall
2678,Mark Friedman
2679,Alexandra Cunningham
2680,S.S. Schweitzer
2681,Ann Donahue
2682,Chris Wyatt
2683,Vicky Jones
2684,Peter Ocko
2685,Matt Braly
2686,Tahsin Guner
2687,Anthony Leo
2688,Laurie Nunn
2689,Bill Prady
2690,Hannelore Vandenbussche
2691,Steve Zissis
2692,Danny Kallis
2693,James Roland
2694,Paul Haggis
2695,Marco Lagarde
2696,Dave Holstein
2697,Simon Rich
2698,John Quinn
2699,James Duff
2700,Callie Khouri
2701,Hiroyuki Kobayashi
2702,David Vainola
2703,Linwood Boomer
2704,Jim Staahl
2705,Eliot Laurence
2706,Matthew J. Kok
2707,Jay Carson
2708,Dave Gingell
2709,Chris Mundy
2710,Guy Burt
2711,Nicholas Stoller
2712,Louise Fox
2713,Blake Masters
2714,Joaquín Górriz
2715,Jen Statsky
2716,Anthony Russo
2717,Ben Gannon
2718,Eddie Mort
2719,Sudip Sharma
2720,Nancey Silvers
2721,Dillon Morgan
2722,Melle Runderkamp
2723,Eilif Skodvin
2724,Spike Jonze
2725,David Bermejo
2726,Amy Heckerling
2727,Allan Foshko
2728,Grant Morrison
2729,Freddy Syborn
2730,Craig Pearce
2731,Stephen McFeely
2732,Steve Blackman
2733,Manuel Valdivia
2734,Daniel Bryan Franklin
2735,Rafe Judkins
2736,Ed Spielman
2737,Donna Friedman
2738,Sally Wainwright
2739,Robert Banks Stewart
2740,Luke Hutchie
2741,Hans Bourlon
2742,Mathew Pritchard
2743,Brendan Hunt
2744,John Singleton
2745,Vikas Bahl
2746,Cory Walker
2747,Lawrence Gordon
2748,Karen Moscow
2749,Kevin Laffan
2750,David Jenkins
2751,Brian Robbins
2752,Tom Moran
2753,Derren Litten
2754,Clothilde Jamin
2755,Loren Bouchard
2756,Sebastian Gutierrez
2757,Fiona McHugh
2758,Simon Pegg
2759,Selin Hizli
2760,Mark Evestaff
2761,Celine Geiger
2762,Robert Thorogood
2763,Nick Weidenfeld
2764,Lauri Konttori
2765,Alexandre de Seguins
2766,David Moscow
2767,Jim Thomas
2768,Jim Fortier
2769,Nicholas Tana
2770,Vince McMahon
2771,Seishi Yokomizo
2772,Jack Orman
2773,Constanza Novick
2774,Lynn Wang
2775,Allan Burns
2776,Scott Ryan
2777,Sascha Penn
2778,Gina Matthews
2779,Avinash Singh
2780,Andrew Koehler
2781,Pamela Adlon
2782,Eddie Guzelian
2783,Asaph Fipke
2784,Simon Beaufoy
2785,Anja Marquardt
2786,Michael G. Moye
2787,Robert King
2788,Mikkel Lee
2789,Jason Segel
2790,Joshua John Miller
2791,Diane English
2792,Mike Fasolo
2793,Lorenzo Semple Jr.
2794,Esben Toft Jacobsen
2795,Skyler Page
2796,Norman Lear
2797,Danny Jacobson
2798,Tom Bernardo
2799,Charlie Brooker
2800,John Mankiewicz
2801,Tom Butterworth
2802,Douglas Tuber
2803,Rebecca Sugar
2804,Carlos de Pando
2805,Jake Wyatt
2806,Stephen Scaia
2807,Mark Andrew
2808,Patrick Nebout
2809,Mike Bartlett
2810,Benjamin Cavell
2811,Erik Richter
2812,Glenys Rowe
2813,Philipp Stennert
2814,Jeff Detsky
2815,Jeremiah Cortez
2816,Shauna McGarry
2817,Debby Wolfe
2818,Garrett Lerner
2819,James Lamont
2820,Tove Jansson
2821,Eric Warren Singer
2822,Colleen Ballinger
2823,Tatsuya Shishikura
2824,Sam Littenberg-Weisberg
2825,Pedro Lopes
2826,Hazim Al-Sha'arawi
2827,Reginald Hill
2828,K.J. Steinberg
2829,Jan Matterne Jr.
2830,Liz Flahive
2831,John Ridley
2832,Elena Bucaccio
2833,Catherine LePard
2834,Joe Hill
2835,Gary Doodles
2836,Philipp Kässbohrer
2837,Eryk Casemiro
2838,Gema R. Neira
2839,Tom Warburton
2840,Samantha Bee
2841,Matt Dearborn
2842,Reint Schölvinck
2843,Roland Kibbee
2844,Robert Peacock
2845,Winnie Holzman
2846,Sonali Jaffar
2847,Chris Sheridan
2848,Ben Queen
2849,Wayne Hope
2850,Brennan Lee Mulligan
2851,Marilyn Sadler
2852,J.H. Wyman
2853,Scott Dunlop
2854,Minty Lewis
2855,Arunabh Kumar
2856,Lena Dunham
2857,Chris Demarais
2858,Robert Singer
2859,Stephen Chbosky
2860,Donald P. Bellisario
2861,Bob Haney
2862,David Levien
2863,Miikko Oikkonen
2864,Maxwell Atoms
2865,René Echevarria
2866,Daniel Lipman
2867,Dave Stewart
2868,Danny Bilson
2869,Hossein Amini
2870,Tara Billinger
2871,Reinhold Weege
2872,Peter Adam Golden
2873,Evan Dunsky
2874,Joni Lefkowitz
2875,Miguel Esteban
2876,William J. Bell
2877,Emma Reeves
2878,Bob Young
2879,Hajime Yatate
2880,Mr. Lawrence
2881,Rick Ungar
2882,Craig Engler
2883,Miles Orion Feldsott
2884,Josh Pate
2885,Mackenzie Crook
2886,Pablo Olivares
2887,Jill Dickerson
2888,Zack Stentz
2889,Alfonso Cuarón
2890,Ron Hart
2891,Rob Lee
2892,Andrew Davenport
2893,William Broyles Jr.
2894,Peter Berg
2895,Jo Nesbø
2896,Pedro Eboli
2897,Ann Biderman
2898,Lesley Arfin
2899,Thurop Van Orman
2900,Rose Matafeo
2901,Benjamin Dupas
2902,Kelly Souders
2903,Chas Appeti
2904,Brian Watkins
2905,Mark Ellis
2906,Peter Bowker
2907,Oskar Söderlund
2908,Ece Yörenç
2909,Phillip Gwynne
2910,J. Mackye Gruber
2911,Tom Fontana
2912,Daniel Chong
2913,Fran Drescher
2914,Howard Rodman
2915,Rob Boutilier
2916,Glenn Kessler
2917,Todd McFarlane
2918,Jessie Nelson
2919,Nora Smith
2920,Posie Graeme-Evans
2921,Mitchell Kriegman
2922,Tow Ubukata
2923,Jay Oliva
2924,Eric Heisserer
2925,Kevin Eastman
2926,Jim Jinkins
2927,Phil Matarese
2928,Carter Bays
2929,Dan Hernandez
2930,Les Charles
2931,Kathleen Jordan
2932,C.C. Beck
2933,Ray DeLaurentis
2934,Hawk Ostby
2935,Josh Schwartz
2936,Jack Cowden
2937,Murray Cook
2938,Doug Naylor
2939,Harvey Bullock
2940,F.M. De Marco
2941,John Eisendrath
2942,Anthony Padilla
2943,Kevin Erlis
2944,Corinne Marshall
2945,Bill Chais
2946,Barry Kemp
2947,Alan Sacks
2948,Ned Kandel
2949,John Bowen
2950,Mel Brooks
2951,Robert Popper
2952,Abhishek Yadav
2953,Urmi Juvekar
2954,Bill Finger
2955,Saurabh Khanna
2956,Greg Daniels
2957,Howard Gordon
2958,Samuel Bodin
2959,Eric Khoo
2960,Jonty Nash
2961,Doug TenNapel
2962,Yasuhiro Nightow
2963,Erica Spates
2964,Kaye Switzer
2965,Shonda Rhimes
2966,Dusty Rhodes
2967,Pamela Eells
2968,David X. Cohen
2969,Neville Astley
2970,Nick Payne
2971,Jake Michie
2972,Bruce Graham
2973,Alfonso H. Moreno
2974,Bryan Konietzko
2975,Patrick Hasburgh
2976,Michael Elias
2977,Jordan Young
2978,Sandi Johnson
2979,Rand Ravich
2980,Bindu De Stoppani
2981,Hania Elkington
2982,Kate Purdy
2983,Matt Fleckenstein
2984,Paul Rudish
2985,Mario Van Peebles
2986,John Solomon
2987,Barbie Kligman
2988,Mauricio Katz
2989,Mickey Down
2990,Henk Handloegten
2991,Anna McRoberts
2992,Simon Racioppa
2993,Channing Powell
2994,Matt JL Wheeler
2995,Patton Oswalt
2996,Andrew Payne
2997,Brian Young
2998,Guillermo López Sánchez
2999,Simon Donald
3000,Clyde Phillips
3001,Darren Star
3002,Melissa James Gibson
3003,Timothy McKeon
3004,Amritpal Singh Bindra
3005,Tom Snyder
3006,Sue Tenney
3007,M.C. Beaton
3008,Nick Hornby
3009,Yûki Yaku
3010,Amy Harris
3011,Jon Sechrist
3012,Imtiaz Ali
3013,Peter Laird
3014,Dago García
3015,Mike Henry
3016,Sandi Spreckman
3017,Magnús Scheving
3018,Mark O'Hare
3019,Kevin Hageman
3020,Geir Henning Hopland
3021,Christopher McCulloch
3022,David Logan
3023,Palash Vaswani
3024,Michael Glouberman
3025,Scott McCabe
3026,Todd Slavkin
3027,Katja Blichfeld
3028,Jack Kirby
3029,Lisa Joy
3030,Jennie Snyder Urman
3031,Michael Kozoll
3032,Chris Kelly
3033,Katie Rich
3034,Sam Levinson
3035,Michael Schur
3036,Deb Cox
3037,Bryan Andrews
3038,Akiva Goldsman
3039,Oprah Winfrey
3040,Tobias Beer
3041,Kyle Mooney
3042,Doris Hursley
3043,Steven Dodd
3044,Mayan Lopez
3045,Dan Angel
3046,Joe Pokaski
3047,Krista Tucker
3048,Colin Kaepernick
3049,Robert Rodat
3050,Scott Rosenberg
3051,Josh Gordon
3052,David Collins
3053,Chris Bruno
3054,Hayden Schlossberg
3055,Gary Gilbert
3056,Sarah Dunn
3057,Neil Forsyth
3058,Daisy Goodwin
3059,Lucy Gaymer
3060,Clea DuVall
3061,Bryan Cranston
3062,Christian Alvart
3063,Jonathan Tropper
3064,Dolores Fonzi
3065,Esther Shapiro
3066,Adam Nussdorf
3067,Craig Gerber
3068,Alan Bateman
3069,Brian Koppelman
3070,Michael Landon
3071,Hamish Steele
3072,Carlos Vila
3073,Jorge Sánchez-Cabezudo
3074,Bernard West
3075,Sandro Corsaro
3076,Dave McCary
3077,Francesca Delbanco
3078,David Sale
3079,Joe Casey
3080,Dea Matas
3081,Bryce Zabel
3082,Sonia Chernus
3083,Matt Duffer
3084,Eli Horowitz
3085,Brian Cooke
3086,RosyClozy
3087,Laura Belloso
3088,Suzanne Martin
3089,Domenico Saverni
3090,Christian Torpe
3091,Justin Spitzer
3092,Pat Bishop
3093,Harry Duffin
3094,Dawn Prestwich
3095,D. Brent Mote
3096,Kate Boutilier
3097,John Milius
3098,Jari Olavi Rantala
3099,Bruno Bianchi
3100,Steve Duncan
3101,Kaspar Munk
3102,Chris Morgan
3103,Antonio Campos
3104,Jim Mickle
3105,Greg Berlanti
3106,Ernesto Pozuelo
3107,Rebecca Gibney
3108,John Lee
3109,Oliver Goldstick
3110,Charlotte Stoudt
3111,Jason Filardi
3112,Peter Meyerson
3113,Jack Gerson
3114,Tom Perrotta
3115,Norm Liebmann
3116,James Lipton
3117,Michael Patrick King
3118,Michael Shoemaker
3119,Satoshi Tajiri
3120,Héctor Beltrán Gimeno
3121,Jeff Most
3122,Carl Åstrand
3123,Lynn Lehmann
3124,Hiroshi Watanabe
3125,Julien Leclercq
3126,Patrick Schumacker
3127,Nicholas Meyer
3128,Baltasar Kormákur
3129,Gaby Hull
3130,Vicki Lutas
3131,Helen Serafinowicz
3132,Mark McCorkle
3133,Claudia Karvan
3134,Gary Rosen
3135,Matthias Murmann
3136,William Bickley
3137,Paul Dowling
3138,John Logan
3139,Jeff Franklin
3140,Eric Rochant
3141,Rob McElhenney
3142,Terry Matalas
3143,Hugh Dillon
3144,Roseanne Barr
3145,Kathleen Shugrue
3146,Haim Saban
3147,Ben Jones
3148,Glenn Chandler
3149,Robyn Butler
3150,Matt Bosack
3151,Philip D. Fehrle
3152,Susan Sherman
3153,The Boulet Brothers
3154,Neil Druckmann
3155,Bryan Fuller
3156,Niccolò Ammaniti
3157,Andy Wolton
3158,Trevor Moore
3159,Rightor Doyle
3160,Peter Spence
3161,Justin Roiland
3162,Rick Duffield
3163,Chris Ord
3164,Stephen Colbert
3165,Rhode Montijo
3166,Noni White
3167,Whitney Blake
3168,Michael Gleason
3169,David S. Rosenthal
3170,Bernard Fein
3171,Nicola Larder
3172,Ed Haas
3173,Karen Heathwood
3174,Sara Antuña
3175,Rob Thomas
3176,Tania Palumbo
3177,Gastón Duprat
3178,Glenn Standring
3179,Jeffrey Boam
3180,Mick Garris
3181,Richard Levinson
3182,Sammy Hess
3183,Thierry Faber
3184,William J. MacDonald
3185,RZA
3186,Andreas Heckmann
3187,Michael Poryes
3188,Andy Suriano
3189,Sky Douglas Conway
3190,Chris Cartagena
3191,Alan Freedland
3192,Daisy May Cooper
3193,Felipe Braga
3194,Chris O'Neill
3195,Mark Bussell
3196,Rob Tapert
3197,Goldie Behl
3198,Chuck Tately
3199,Charuvi Agrawal
3200,Sylvie Simon
3201,Adam Glass
3202,Ashleigh A. Haynes
3203,Rod Serling
3204,Jennifer Hamburg
3205,Mizzi Meyer
3206,Lee Stimmel
3207,Eric Bress
3208,Kevin Biegel
3209,Cameron Johnson
3210,David Howard Lee
3211,Veronica West
3212,Jennifer Corbett
3213,Robert Levine
3214,Taylor Sheridan
3215,Varun Grover
3216,Tom Bidwell
3217,Calvin Wong
3218,Hunt Baldwin
3219,Dave Finkel
3220,Meriç Acemi
3221,Vlas Parlapanides
3222,Jaime Osorio Marquez
3223,Joanna Johnson
3224,Philip Keatley
3225,Josh Heald
3226,Sohrab Noshirvani
3227,Terry Brain
3228,Yuichi Matsushita
3229,James Rallison
3230,Benjamin Martian
3231,David Bickel
3232,Michael Bloom
3233,David Cook
3234,Dave Hackel
3235,R.J. Stewart
3236,André Nemec
3237,Natalie Altmann
3238,Nico Moolenaar
3239,Rin Kokuyou
3240,Sôji Ushio
3241,Clara María Ochoa
3242,Jules Verne
3243,Sam Carroll
3244,Aziz Ansari
3245,Luis Zelkowicz
3246,Harold Jack Bloom
3247,Felix Barrett
3248,Eiji Tsuburaya
3249,Leonardo Fasoli
3250,Brian D. Brown
3251,Ashley Miller
3252,Bradley Bredeweg
3253,Sam Bobrick
3254,Heather V. Regnier
3255,Virgílio Castelo
3256,Reece Shearsmith
3257,Leon Ford
3258,Craig David Wallace
3259,Malin-sarah Gozin
3260,Scott Fellows
3261,Philip Stark
3262,Mark Badger
3263,Jose Rivera
3264,Rike Jokela
3265,Tom Hardy
3266,Ciaran Donnelly
3267,Rafal Jaki
3268,Gaurav Shukla
3269,Derek Simonds
3270,Michael Rubiner
3271,Larry B. Williams
3272,Brian Lazarte
3273,Jerry Siegel
3274,Jason Faller
3275,Leo Eaton
3276,Marc Haimes
3277,Brian Tanen
3278,Chris Prynoski
3279,Allan Cubitt
3280,Jamie Shannon
3281,Earl W. Wallace
3282,Andy Breckman
3283,Simon Kinberg
3284,Ronald D. Moore
3285,Adam Reid
3286,Rick Telles
3287,Britt Allcroft
3288,Johnny Knoxville
3289,Dana Ledoux Miller
3290,Chris Peterson
3291,Joseph Weisberg
3292,Christopher Markus
3293,Richard P. Rubinstein
3294,Omri Shenhar
3295,Jorma Taccone
3296,George Krstic
3297,Rui Araizumi
3298,Ted Turner
3299,Paul Adelstein
3300,Craig Wright
3301,Eric Weinberg
3302,Bryan Wynbrandt
3303,Bruce Helford
3304,Dhruv Sehgal
3305,Sergio Sarria
3306,Liz Feldman
3307,Richard Elliott
3308,Aaron Sorkin
3309,Joseph Kay
3310,Pedro Aguilera
3311,Eric Kristy
3312,Hideyuki Kikuchi
3313,Tommy Andreasen
3314,Steve Franks
3315,Hugh Davidson
3316,Junichi Masuda
3317,Susan Harris
3318,Lauren Schmidt
3319,Susie Lewis
3320,James Watkins
3321,Lucy Murphy
3322,A.C. Bradley
3323,Nicole Snyder
3324,Paul Rust
3325,Vince Manze
3326,Meredith Stiehm
3327,Nicolas Freeling
3328,Tom Burkhard
3329,Jordan Shipley
3330,Armando Iannucci
3331,Keith Fay
3332,John Brancato
3333,Lili Chin
3334,Dan Levy
3335,Greg Gransden
3336,Ava DuVernay
3337,Vernon Chatman
3338,Michael R. Perry
3339,Mackenzie Murdock
3340,J.G. Quintel
3341,Kevin Etten
3342,Mark Crowdy
3343,Tyler Perry
3344,Gy Waldron
3345,Michael Hefferon
3346,Ben Richards
3347,Digby Wolfe
3348,John Banas
3349,Zak Penn
3350,Sonja O'Hara
3351,Melody Fox
3352,Solen Roy-Pagenault
3353,Michael Chaplin
3354,Jonathan Ames
3355,Brenda Hampton
3356,Joe Russo
3357,Mark Seidenberg
3358,Alan Gregg
3359,Stacy Rukeyser
3360,Lin Oliver
3361,Joel Fields
3362,Daniel Cerone
3363,Tom Wheeler
3364,Bob Davies
3365,Stephen Carpenter
3366,Amy Poehler
3367,David Fine
3368,Sarah Treem
3369,Brian McGreevy
3370,Eric Radomski
3371,Matt Weitzman
3372,Gary Glasberg
3373,Paul Knight
3374,Fred Armisen
3375,Fanny Herrero
3376,Mitch Watson
3377,Dinah Lord
3378,Scott Mosier
3379,Dave Cooper
3380,Erica Messer
3381,Dan Povenmire
3382,Max Mutchnick
3383,Ross Duffer
3384,Rachel Bloom
3385,David Goetsch
3386,Saverio Costanzo
3387,Johnny Ryan
3388,Mike McMahan
3389,Kief Davidson
3390,Ramón Campos
3391,Jeevan J. Kang
3392,Saurabh Tewari
3393,Jennifer Levin
3394,Kevin Kasatsu
3395,Melissa Rosenberg
3396,Jed Spingarn
3397,José Ignacio Valenzuela
3398,Brian Hohlfeld
3399,Hannah Carroll Chapman
3400,Jeff Schechter
3401,Kirsten Beyer
3402,Phil Ivanusic
3403,Gregg Mettler
3404,Eric Amadio
3405,Merwin Gerard
3406,Nick Walker
3407,Iburo
3408,Hunter Hancock
3409,Christian Ditter
3410,Eric Falconer
3411,Victor Fresco
3412,Eric Rogers
3413,George Arthur Bloom
3414,Sean Szeles
3415,Michael Colton
3416,Tomas Kaan
3417,Paul De Meo
3418,Nancy Carell
3419,Jonathan Lisco
3420,Sebastián Mellino
3421,Sheri Elwood
3422,Mark Gatiss
3423,Cinco Paul
3424,David Mamet
3425,Don Mancini
3426,Jay Stephens
3427,Keith Brumpton
3428,Robbie Thompson
3429,Lisa McGee
3430,Nikolaj Feifer
3431,Ross Hastings
3432,Raye Rodriguez
3433,Michael Leendertse
3434,Judy Sheindlin
3435,Brian Taylor
3436,Sam Rolfe
3437,Lennie James
3438,Chris Sonnenburg
3439,Rob Renzetti
3440,Jon Hurwitz
3441,Paul M. Belous
3442,Dan Schneider
3443,Chad Moldenhauer
3444,Colette Burson
3445,Jason Hopley
3446,Mahim Joshi
3447,Jamie Brittain
3448,Tom Bissell
3449,Todd Helbing
3450,Leslie Greif
3451,Dennis Spooner
3452,Oren Peli
3453,Jon Barinholtz
3454,Rhys Thomas
3455,Nahnatchka Khan
3456,C.H. Greenblatt
3457,Brian Knappenberger
3458,Edward Zwick
3459,Sheldon Bull
3460,Bret McKenzie
3461,Sofia Helin
3462,John Rogers
3463,Dave Andron
3464,Joey Gutierrez
3465,Akihiro Kawamura
3466,James Dean
3467,Arturo Pérez-Reverte
3468,Andrew Hinderaker
3469,Jason Tracey
3470,Mindy Kaling
3471,Roman Coppola
3472,Don Reo
3473,Kelly Jones
3474,Scott M. Gimple
3475,Agatha Christie
3476,Karissa Valencia
3477,Sara Bareilles
3478,John Wirth
3479,Agnes Nixon
3480,D.J. MacHale
3481,Mark Hall
3482,Sam Denoff
3483,Arne Nolting
3484,Christian Linke
3485,John Bowman
3486,Lee Aronsohn
3487,David Kirschner
3488,Ivano Fachin
3489,RuPaul
3490,Bret Haaland
3491,Alexandra Clert
3492,Ron Leavitt
3493,Luke Lerdwichagul
3494,Joshua Brand
3495,Trevor Bentley
3496,Sylvia Anderson
3497,Mats Lindberg
3498,L. Travis Clark
3499,Dean Cavanagh
3500,Joe Gangemi
3501,Riff Markowitz
3502,Masashi Sogo
3503,Else Holmelund Minarik
3504,Rodes Fishburne
3505,Mark De Angelis
3506,Zack Estrin
3507,Scott Gairdner
3508,Anya Reiss
3509,David Hoge
3510,Derek Haas
3511,Abi Morgan
3512,Tom Ruegger
3513,Martha Williamson
3514,Linda Schuyler
3515,David Ashby
3516,Ali Adler
3517,Jeff Kline
3518,Chris Mitchell
3519,Ariel Schulman
3520,Reema Kagti
3521,Bill Motz
3522,Joe Shuster
3523,Henry Bromell
3524,Christina M. Kim
3525,David Troncoso
3526,R.L. Stine
3527,Bruce Miller
3528,J.J. Villard
3529,Ron Leshem
3530,Ilana Glazer
3531,Joel Anderson Thompson
3532,Dennis A. Liu
3533,Zack Akers
3534,Jenna McMahon
3535,Chiho Saitô
3536,Fujio F. Fujiko
3537,Tony Tost
3538,Chris Chibnall
3539,Glen A. Larson
3540,Cynthia Saunders
3541,Lizzie Molyneux-Logelin
3542,Jennifer Twomey
3543,Alex Tse
3544,Sidney Sheldon
3545,Sam Sheridan
3546,Fanny Robert
3547,Michael Hirst
3548,Ashley Pharoah
3549,Scott Kreamer
3550,Nate Stevenson
3551,Jill Wagner
3552,Adam Rifkin
3553,Mike Bell
3554,Israel Adrián Caetano
3555,Michael Ouweleen
3556,Richard Matheson
3557,Michael Jenkins
3558,Tiago Santiago
3559,Michael Karnow
3560,Mark Cronin
3561,Tom J. Astle
3562,James Hamilton
3563,Tom Hertz
3564,Leslie Stevens
3565,Bruce Geller
3566,Roberto Stopello
3567,Patrick A. Ventura
3568,Dudi Appleton
3569,Robert L. Collins
3570,Stig Thorsboe
3571,Lou Shaw
3572,Dick Wolf
3573,Jack Webb
3574,Alice Chegaray-Breugnot
3575,Alan Spencer
3576,James Lee Barrett
3577,Michael Goguen
3578,Matthew Carnahan
3579,N. Richard Nash
3580,Jeff Filgo
3581,Carol Flint
3582,Brigitte Peskine
3583,Neil Cross
3584,DeAnn Heline
3585,Scott Prendergast
3586,Nev Schulman
3587,Dan Milano
3588,David Weil
3589,Dave Caplan
3590,Al Jean
3591,Nick Damici
3592,Katherine Shaffer
3593,Masashi Kishimoto
3594,Dave Hughes
3595,Ian Brennan
3596,Steve Carell
3597,Chelsea Beyl
3598,Bernard Slade
3599,William Dozier
3600,Carlo Bernard
3601,Doug Brode
3602,Francesco Capaldo
3603,Craig Thomas
3604,J.J. Abrams
3605,Chris Addison
3606,Ben Ketai
3607,Lindsey Turner
3608,Christopher Lloyd
3609,Torfinnur Jákupsson
3610,Noah Jones
3611,Courtney Solomon
3612,Junior Okoli
3613,Rachel Flowerday
3614,Matt Groening
3615,Anthony Horowitz
3616,Desmond Dolly
