producer_id,name
0,Lauren Zalaznick
1,Tiffany Nicholson-Horton
2,Shay Hatten
3,Jonathan Chinn
4,Maria Zuckerman
5,Karin Gist
6,Shauna Minoprio
7,Courtney Dobbins
8,David Dean Portelli
9,Glenda Cox
10,Joel Kuwahara
11,Gordon Smith
12,Cherie Kloss
13,Stu Schreiberg
14,Thomas Lennon
15,David Weddle
16,Jon Kamen
17,Ross Fineman
18,Julie Anne Robinson
19,Doug Pray
20,Mike Barker
21,Carlos Montero
22,Anthony Carbone
23,Seth Weitberg
24,Jordana Hochman
25,Michael Naidus
26,Jesse Collins
27,David Appelbaum
28,Andrea Barron
29,Chad Nixon
30,Allyson Seeger
31,Shion Takeuchi
32,Josh Barry
33,Seth Kirschner
34,Nile Cappello
35,Lauren Shuler Donner
36,Nina Braddock
37,Andrew W. Marlowe
38,Natalie Chaidez
39,Neil Jordan
40,Tom McMahon
41,Ty Franck
42,Rhett Bachner
43,Dan Trachtenberg
44,"Jeff ""Swampy"" Marsh"
45,Claudia Weinstein
46,Sanjay Shah
47,David Michôd
48,Jennifer Todd
49,Drake
50,Tiffany Haddish
51,Titus Welliver
52,Jimmy Mulville
53,Michael Zoumas
54,David Snyder
55,Claire Masters
56,Drew Goddard
57,"Stephen ""tWitch"" Boss"
58,Tom Spezialy
59,Joel Coen
60,Chaz Morgan
61,Jonathan Murray
62,William Finkelstein
63,Jenner Furst
64,Mark Johnson
65,Konstantin Meladze
66,Brett Matthews
67,David L. Schiff
68,Kaley Cuoco
69,Brian Sher
70,Paul Harris Boardman
71,Albert S. Ruddy
72,J.R. Orci
73,Nicole Clemens
74,Rick Bernstein
75,Robert Fernandez
76,Daniel McDermott
77,Marian Macgowan
78,Miles Millar
79,Toby Oppenheimer
80,Joye Chin
81,Mark Hentemann
82,Mike Stiller
83,Jonathan Nolan
84,Sam Raimi
85,Wes Craven
86,Sherry Marsh
87,Sander Schwartz
88,Dan McCulloch
89,José Alberto Sainz Castro
90,Charles Sellier
91,Jed Mercurio
92,Larry Robbins
93,Todd Hurvitz
94,Scott Frank
95,Ben Mendelsohn
96,Sean Bean
97,Karina Holden
98,Jeff Bell
99,Jonathan Igla
100,James McBride
101,Sheri Salata
102,David Ellender
103,Melissa McCarthy
104,Rob Hyde
105,Breen Frazier
106,Gennifer Hutchison
107,Gail Patrick
108,Jeff Astrof
109,Kimberly Chessler
110,Peter Podehl
111,Terry Dunn Meurer
112,Scott Thomas
113,Deborah Pratt
114,Jun Masumoto
115,Erik Feig
116,Noel Bright
117,Amy Goodman
118,George Lopez
119,Doug Mankoff
120,Michael Cuesta
121,Blake Levin
122,Till Derenbach
123,Jürgen Dohme
124,Josh Boone
125,Todd A. Nelson
126,Daniel Perrault
127,Chuck Austen
128,Marcos Siega
129,Joseph Boyle
130,Mark Bishop
131,Peter Jankowski
132,Chris Costine
133,Nick Kroll
134,Bard Dorros
135,Ben Sokolowski
136,Richard Allen-Turner
137,Nate Green
138,Lachlan MacKinnon
139,Jerry Thorpe
140,Brett Hedblom
141,Mark Verheiden
142,Michael Starrbury
143,Michael M. Robin
144,Andrew Renzi
145,Reese Witherspoon
146,Bridget Sneyd
147,Steve Oedekerk
148,Mikael Hed
149,Simon Thomas
150,Charles Marquis Warren
151,Jamie Babbitt
152,Lara Olsen
153,Kane Lee
154,Tom Ackerley
155,Chuck MacLean
156,Liz Garbus
157,Lloyd Richards
158,Michael A. Connolly
159,Kevin Hunter
160,Dustin Lance Black
161,Margaret O'Brien
162,Margery Bone
163,Alex Horne
164,Jonathan M. Shiff
165,Norm Macdonald
166,Taylor Elmore
167,Stephen Daldry
168,Terence Winter
169,Kevin Kolde
170,Dave Krinsky
171,Jack Burditt
172,Michael Jelenic
173,Jamie Foxx
174,Angus Wall
175,Harley Peyton
176,John J. Gray
177,Jamie Wolf
178,Daniel Brocklehurst
179,Edward Berger
180,Laura A. Benson
181,Vince Vaughn
182,Todd Makurath
183,George Mastras
184,Will Gould
185,Polly Williams
186,Carla Santos Shamberg
187,Paul Wachter
188,Tucker Cawley
189,Tom Campbell
190,Greg Henry
191,Martin Short
192,Craig Zadan
193,Bruce Cohen
194,Jude Brennan
195,Darlene Hunt
196,Neil LaBute
197,David Levinson
198,Chris Smith
199,Charles McDougall
200,Darren Aronofsky
201,Kevin Hill
202,Stephen J. Cannell
203,Susan Hogg
204,David DiGilio
205,Greg Thompson
206,Simon Chinn
207,Maya Rudolph
208,Tonia Davis
209,Brad Falchuk
210,Lou Scheimer
211,Blake Tohana
212,Ken Levin
213,Scoop Wasserstein
214,Joe LaBracio
215,Ashwin Rai Shetty
216,Brad Winderbaum
217,Eli Despres
218,Lindsey Springer
219,Sophie Gardiner
220,Seth Cohen
221,Adam Goodman
222,Harald Sicheritz
223,James Weaver
224,Stephen Hegyes
225,Michelle Williams
226,Jessika Borsiczky
227,Ethan Banville
228,Donald Bellisario
229,Ed Glavin
230,Jason F. Brown
231,Julie Kellman Reading
232,Aleksandr Dulerayn
233,James Hawes
234,Christine Holder
235,Dan Cohen
236,Simon Barry
237,Charlie Pattinson
238,Patrick Markey
239,Sydney Newman
240,Brett Crawley
241,John Kershaw
242,Lauren Riihimaki
243,Semyon Slepakov
244,The Boulet Brothers
245,Molly Allen
246,Andrew D. Corkin
247,Bernd Burgemeister
248,Craig Shapiro
249,Steven Weinstock
250,Robert Kenner
251,Paul J. Medford
252,Ken Zorniak
253,Michael Connelly
254,Chris Baugh
255,Marc Guggenheim
256,James Wan
257,Ryan Murphy
258,Catharine Park
259,Jason Rothenberg
260,Niharika Kotwal
261,Linzee Troubh
262,Tim Pastore
263,Steven Van Zandt
264,Lloyd Ivan Miller
265,David Lynch
266,Nick Antosca
267,Princess Nash
268,Kim Mills
269,Jillian DeFrehn
270,Barry Crane
271,Francis Hopkinson
272,Helen Littleboy
273,Alex Bulkley
274,Jamie Payne
275,John Lloyd
276,David Slade
277,Tom Lassally
278,Khloe Kardashian
279,Ziwe Fumudoh
280,Taylor Latham
281,Tia Napolitano
282,Rick Berman
283,Dan McDermott
284,Peter Johnson
285,Maya Goldsmith
286,Lorraine Haughton
287,Ben Cotner
288,John Logan Pierson
289,Tania Alexander
290,David Von Ancken
291,Jack Arnold
292,Nicole Kassell
293,James Graham
294,Eric Fellner
295,Tad Quill
296,Patricia Ciano
297,Rebecca Eaton
298,Jennifer O'Connell
299,Elwen Rowlands
300,Terry Brooks
301,Seth Grahame-Smith
302,Jamal Henderson
303,Dave Noll
304,Konstantin Naumochkin
305,Dwayne Johnson
306,Ben Affleck
307,Jeremy Renner
308,Scott Pennington
309,Chris Mangano
310,Michael Friedman
311,Josh Gad
312,Marika Makaroff
313,Dan Fybel
314,Robert Redford
315,Mark Scheibal
316,Scott Sullivan
317,Linda Rambis
318,Michael Wearing
319,Michael Gunn
320,David Martin
321,Diederick Santer
322,Steve Matthews
323,Sue Naegle
324,LeSean Thomas
325,Phyllis Laing
326,Lindsay MacAdam
327,Andrew Fried
328,Max Landis
329,Jane Featherstone
330,Tim Bevan
331,Hilary Rosen
332,Shannon Wilson
333,John Jones
334,Mark Mannucci
335,Ian Biederman
336,George Faber
337,Barack Obama
338,Lawrence Hertzog
339,Andrew Kosove
340,Suzan Harrison
341,Walter Newman
342,Katie Krentz
343,Benjamin Lobato
344,Jeremy Kleiner
345,Bill Gerber
346,Max Swedlow
347,Armyan Bernstein
348,Debbie Liebling
349,Geoff Johns
350,Jonathan Entwistle
351,Paul Lee
352,Roma Khanna
353,Gaby Johnston
354,Joshua D. Maurer
355,John Gray
356,Eric André
357,David Duchovny
358,Bill Wolkoff
359,David Gordon Green
360,Jill Katz
361,George Lucas
362,Lance Johnson
363,Ryan Binkley
364,Jon Harmon Feldman
365,Dan Levinson
366,Michael Lombardo
367,Heather Kadin
368,Rick Hankey
369,Seth MacFarlane
370,Elizabeth Bronstein
371,Jon Goldwater
372,David E. Kelley
373,Eric Kripke
374,Brian Smith
375,Ken Woodruff
376,Jeffrey Katzenberg
377,Drew Brown
378,James DeMonaco
379,Josh Donen
380,Gary Binkow
381,Andrew Kreisberg
382,Scott Garvie
383,Philip Trethowan
384,Michael Gudinski
385,Trevor Roth
386,Claire McCarthy
387,Marci Wiseman
388,Lisa Rubin
389,Sara Goodman
390,Rachel Shukert
391,Wesley Strick
392,Daron Nefcy
393,Polly Auritt
394,Jay Renfroe
395,Dennis Lehane
396,Fisher Stevens
397,Peter Gould
398,Aaron Rothman
399,Dana Honor
400,Scott Williams
401,Travis Fickett
402,Elgin James
403,Mark Raphael
404,Joseph Freed
405,Michelle Friel
406,Rob Golenberg
407,Ryan White
408,Lucy Richer
409,Carolyn Blackwood
410,Robert Shaye
411,Nick Santora
412,David Stassen
413,Karen Kehela Sherwood
414,Michael Jackson
415,David Friedman
416,John-Henry Butterworth
417,Caroline Leddy
418,James Spader
419,Andy Cohen
420,Emily Kapnek
421,Ed Redlich
422,Liz Friedlander
423,John D. F. Black
424,Lawrence Trilling
425,Brian Grazer
426,McG
427,Joseph Barbera
428,Dan Farah
429,Dean Lorey
430,Gareth Evans
431,Alex Gansa
432,Neil Blair
433,Julian Murphy
434,Bridget Carpenter
435,David Straiton
436,Joe Quesada
437,Lauren Schmidt Hissrich
438,Gina Girolamo
439,Jeff Holland
440,Chris Culvenor
441,George R.R. Martin
442,Pavun Shetty
443,Patrick Meighan
444,Wendi Wan
445,Lori McCreary
446,Paul Hamann
447,Raymond Esposito
448,Jamie Laurenson
449,Steven J. Berger
450,Nicole Sorrenti
451,Alex Kurtzman
452,Ted Oakes
453,Sharon Hall
454,Jed Leventhall
455,Charles Larson
456,Tony Shalhoub
457,Larry Charles
458,Mitch Engel
459,Anna Chai
460,Jonathan Soule
461,Bomani Jones
462,Salli Richardson-Whitfield
463,Ali Pomeroy
464,Siobhan Sinnerton
465,Lorraine Charker-Phillips
466,Dan Buckley
467,Steven Davis
468,Patricia Nieto
469,Sean Cushing
470,Billy Martin
471,José Padilha
472,Eric Bana
473,James Strong
474,Jon Kroll
475,William Lyons
476,Matthew Cirulnick
477,Ahmed Al Baker
478,Robert Kulzer
479,Douglas Urbanski
480,Julie Plec
481,Rob Wilkins
482,Greg Whiteley
483,Peter Nowalk
484,Rick Eid
485,Amr Salama
486,Anthony Zuiker
487,Tim Wardle
488,Michael London
489,Chris Savino
490,Justis Greene
491,Daniel C. Connolly
492,Mike Medavoy
493,Dany Garcia
494,Joe Berlinger
495,Jan Theys
496,Francie Calfo
497,Dana Goldberg
498,Michael E. Satrazemis
499,Jeremy Gold
500,Caroline Moore
501,Howard Lapides
502,Shaun Cassidy
503,Lyn Davis Lear
504,Jo Scott
505,Toby Leslie
506,Chris Cowan
507,Christina Aguilera
508,Andrew Bernstein
509,Don Fedderson
510,Thomas Schnauz
511,John Davis
512,Colin Barnicle
513,Mike Larocca
514,Bill Norcross
515,Gene Roddenberry
516,Richard Perello
517,Garrett Basch
518,Carlos Bernard
519,Mark Heyman
520,Inbal B. Lessner
521,Steven Knight
522,Thao Dipolito
523,James Serafinowicz
524,Dan Harmon
525,Ken Druckerman
526,Lori Jo Hoekstra
527,Connor Schell
528,Rachel Ramras
529,Stephen Davis
530,Philipp Meyer
531,Michael Thorn
532,Mark Burnett
533,Charles Pattinson
534,David Hare
535,Tommy Wosch
536,Brad Wright
537,Leslie McNeil
538,James Gay-Rees
539,Candice Wilson
540,Rob Crabbe
541,Cooper Manning
542,Michael Waldron
543,George Verschoor
544,Piotr Sikora
545,Nick Powell
546,Damon D'Oliveira
547,John Heilemann
548,Liz Heldens
549,Eli Frankel
550,Leah Fong
551,Jermaine Johnson
552,Jeff Olde
553,Dan Weinstein
554,Ben Cavell
555,Jeb Stuart
556,Bellamie Blackstone
557,Declan De Barra
558,Adam Curtis
559,Catherine Mackin
560,Tim Heidecker
561,Lisa Fletcher
562,Stan Spry
563,Martin Jente
564,Jessica Goldstein
565,Mark Winemaker
566,Kasi Lemmons
567,Charles Parlapanides
568,Sheldon Lazarus
569,India Oxenberg
570,Lorraine Haughton-Lawson
571,Emily Andras
572,Andy Muschietti
573,Doris Kearns Goodwin
574,John Halterman
575,Bernd Eichinger
576,Jamie Campbell
577,Bob Odenkirk
578,Paul Mullie
579,Sanjay Singhal
580,Amy Zvi
581,Holly Carter
582,Elvis Mitchell
583,James Lassiter
584,Cisco Henson
585,Brett Burlock
586,Jennifer Casey
587,Tim Sarkes
588,Jon Radler
589,Chris Chulack
590,Emma Frost
591,Peter Gwyn
592,Kevin Wehrenberg
593,Mark Holder
594,Zorana Piggott
595,Lew Grade
596,Tommy Pallotta
597,Gyula Trebitsch
598,Gordon Cassidy
599,Jenno Topping
600,Andrew Nicholas McCann Smith
601,Kelly McPherson
602,Karin Slaughter
603,Chris Muckle
604,Kenneth Biller
605,Ann Curry
606,Ben Nedivi
607,David Van Taylor
608,Shawn Levy
609,Kate Harwood
610,Sebastian Grant
611,Peyton Manning
612,Elizabeth Klaviter
613,Matt Blaine
614,Tommy Avallone
615,Johnny Webb
616,Richard Fell
617,Kathy Gilroy-Sereda
618,Antoni D'Ocon
619,Melissa Robledo
620,Cameron Roach
621,Lampton Enochs
622,Adele Romanski
623,Karen Rosenfelt
624,Eric Spiegelman
625,Kate Rorick
626,David Joseph
627,Mikko Pöllä
628,Bethan Jones
629,Sheila Hockin
630,Katie Jacobs
631,Toby Jaffe
632,Leila Gerstein
633,Michael Cusack
634,Amy Berg
635,Ivy Vanhaeke
636,Mariah Huq
637,Samira Kanwar
638,Quincy Jones
639,Alastair Cook
640,Tom Currie
641,Martin Scorsese
642,Jane Rosenthal
643,Kenny Schwartz
644,Casey Feldman
645,Soo Hugh
646,Bob Yari
647,Patrick McHale
648,Sally Woodward-Gentle
649,Lee Morris
650,Graham Roland
651,David C. Glasser
652,Mary Barclay
653,Brian A. Miller
654,Barak Goodman
655,Courtland Cox
656,Erin Irwin
657,Denise O'Donoghue
658,Nick Boak
659,Matthew Negrete
660,Michael Clear
661,Benjamin Bocquelet
662,Colette Flight
663,Chris Fry
664,Gene Kirkwood
665,Jennifer Yale
666,Karl Schaefer
667,Tom Purcell
668,Matt Federman
669,Jonas Prupas
670,Konrad Kay
671,Daisuke Sekiguchi
672,Dave Snyder
673,Vin Rubino
674,Ashley Lyle
675,Christine Healy
676,Casey Willis
677,Tony Yacenda
678,Ian MacNaughton
679,Christopher Sykes
680,Steven A. Adelson
681,Gwyneth Paltrow
682,Steven Kane
683,Peter A. Ramsey
684,Ben Kalina
685,Eriq La Salle
686,Ruth Phillips
687,Liz Gateley
688,Rob Doherty
689,Casey Haver
690,Claire Horton
691,Liz Watts
692,Atsuhiro Iwakami
693,Jeff Jones
694,Brent Montgomery
695,Gareth Naeme
696,Kevin Smith
697,Tracey Seaward
698,James Waugh
699,Jim Reeve
700,Tristram Shapeero
701,James Gunn
702,Tim Harcourt
703,Toby Whithouse
704,Adam Hutchinson
705,Ari Handel
706,Todd Berger
707,Stephen Mintz
708,Jimmy Miller
709,Toni Gallagher
710,Michael Acton Smith
711,Robert Maitia
712,Mindy Schultheis
713,Harriet Warner
714,Charley Boorman
715,Sheila Griffiths
716,Craig Silverstein
717,Justin Halpern
718,Diane Mercer
719,Dustin Thomason
720,Josh Friedman
721,Vince Commisso
722,Nancy Glass
723,Kevin Wade
724,Andrew Barchilon
725,Russell Rothberg
726,Wilson Cruz
727,Scott Sternberg
728,Bill Bost
729,Daina Reid
730,Chris Cullen
731,Chris Fisher
732,Oliver Berben
733,Jang Hyuk-jae
734,Chelsey Stephens
735,Irad Eyal
736,Frith Tiplady
737,Alan Griffiths
738,Jennifer Kawaja
739,Dave Filoni
740,Lee Shipman
741,Sharon Horgan
742,Steve Oemcke
743,Jason Netter
744,Tim Kring
745,Alexander Koehne
746,Jeff King
747,Lewis Arnold
748,Andrew Dabb
749,Eric Ortner
750,Jon Hirsch
751,Courtney A. Kemp
752,Grant Gish
753,Roger Black
754,Eden Gaha
755,Joel Silver
756,Frank Doelger
757,Future the Prince
758,David Shadrack Smith
759,Ian Gelfand
760,Constance Schwartz-Morini
761,Tarak Ben Ammar
762,Ken Kamins
763,Adam Reed
764,Chuck Lorre
765,Christopher G. Cowen
766,Nick Shearman
767,Dave Lambert
768,Steve Ascher
769,Lee Toland Krieger
770,Amy Savitsky
771,Shauna Bryan
772,Edward Kitsis
773,Sian Robins-Grace
774,Ken Burns
775,Antony Root
776,Henry Orenstein
777,Mark Wahlberg
778,Kevin Sampson
779,Simon Blackwell
780,Andy Gordon
781,Andre Gaines
782,Phoebe Waller-Bridge
783,Glen Morgan
784,Tracee Ellis Ross
785,David A. Hurwitz
786,Stefani Robinson
787,Derek Wax
788,Douglas Ross
789,Sarah Gibson
790,David T. Friendly
791,Gareth Davies
792,Noah Hawley
793,Sally Ann Salsano
794,Kate Bartlett
795,Jon Sinclair
796,Eoghan Mahony
797,Jonathan Kasdan
798,Stephany Folsom
799,Ori Marmur
800,Jay Beattie
801,Elizabeth Hannah
802,Don Johnson
803,Sigurjón Kjartansson
804,Gareth Neame
805,Tony Gilroy
806,Craig Kyle
807,Joe Weisberg
808,Jeff Ross
809,Moira Demos
810,Marina Zenovich
811,Kiki Wolfkill
812,David Broome
813,Melissa London Hilfers
814,James Rogan
815,Jeffrey Reiner
816,Ridley Scott
817,Todd Schulman
818,Lucy Winn Kitada
819,Cate Hall
820,Ted Field
821,Artur Janibekyan
822,Harlan Coben
823,Craig Cegielski
824,Michael Shamberg
825,Leonard Goldberg
826,Lin-Manuel Miranda
827,Richard Tofel
828,Otto Steiner
829,Graham Broadbent
830,Bill Burr
831,Justin Booth
832,James Wahlberg
833,Dede Gardner
834,Marcus Wilson
835,Rob Bowman
836,Thalia Mavros
837,Rainer Wemcken
838,Kate Lewis
839,Michael Davies
840,Dennis Vance
841,Max Thieriot
842,Taika Waititi
843,John Coveny
844,Louis Tarantino
845,Scott Nemes
846,Patrick McKay
847,Chris Van Dusen
848,Kary Antholis
849,Brandon Beck
850,Steve Martin
851,Chris Clough
852,Lauren Levy Neustadter
853,Nancy Bennett
854,Andy Devonshire
855,Sean Clifford
856,Shannon Fitzgerald
857,Lindsey McManus
858,Alexander Deighton
859,Barbara Muschietti
860,Rob Sharenow
861,Jay Bienstock
862,Michael De Luca
863,Patrick Walters
864,Pendleton Ward
865,Christopher C. Rogers
866,Liz Bronstein
867,Mark Millar
868,Darren Swimmer
869,Jelani Cobb
870,Rikkie Proost
871,Eli Bush
872,Ayelet Waldman
873,Richard Hatem
874,Scott B. Smith
875,Brad Caleb Kane
876,Bob Schooley
877,Duncan Trussell
878,Jeffrey Bell
879,William Link
880,Catherine Cyr
881,Jane Tranter
882,Shelley Eriksen
883,Matt Renner
884,Marcy Ross
885,Gretchen J. Berg
886,Joe Barton
887,Jay Cheel
888,Kelly Clarkson
889,Will Staeger
890,Kevin Healey
891,Cary Fukunaga
892,Matthew Pearl
893,Marguerite MacIntyre
894,John Dilworth
895,Sam Sokolow
896,Ashwin Rajan
897,James Smith-Hill
898,Chris Argentieri
899,J.D. Payne
900,Jimmy Fox
901,Jennifer Ames
902,Pamela Deutsch
903,Mike Flynn
904,Jocelyn Towne
905,John Cameron
906,Ralph Rubenstein
907,Jim Paratore
908,Luke Taylor
909,Jeff Kleeman
910,Henry Gilroy
911,David Wasson
912,Mike Smith
913,Jeff Dawson
914,Connie Britton
915,David Robinson
916,Nicolas Winding Refn
917,Susan Zirinsky
918,Joel Patterson
919,Brandon Auman
920,Tim W. Kelly
921,Andrea Metz
922,Philip Saltzman
923,Patrick Macmanus
924,Patty Ishimoto
925,Stephen Schiff
926,S.J. Clarkson
927,David Farr
928,Helmut Ringelmann
929,Paola Suárez
930,Mark Horowitz
931,Matt Hubbard
932,Phil Abraham
933,Alec Baldwin
934,Doug Miro
935,Jason Brown
936,Stephen Lovelock
937,Carlton Cuse
938,Toby Emmerich
939,Nick Gilhool
940,Dana J. Olkkonen
941,Dakota Fanning
942,Naomi Judd
943,Sam Hansen
944,John Debney
945,David Schiff
946,Susan House
947,Kevin Tancharoen
948,Tony To
949,Elodie Keene
950,Bruno Heller
951,Andy Siara
952,Christy Hall
953,Matt Flannery
954,Bill Horberg
955,Kevin Mann
956,Jon Turteltaub
957,Olle Nordemar
958,Dennis Heaton
959,Charles Wachter
960,David Hurwitz
961,Rebecca Sonnenshine
962,Travis Beacham
963,J. Rupert Thompson
964,Darryl Frank
965,Daniel Kellison
966,Erwin Stoff
967,Charles S. Dutton
968,Mike Mildon
969,Athena Wickham
970,Nick Emmerson
971,Laura Lewis
972,Manny Coto
973,Mark Williams
974,Bert Hamelinck
975,Sue Vertue
976,Kaata Sakamoto
977,Brandon Monk
978,Julianne Hough
979,David Burris
980,Barbara Wall
981,Ross M. Dinerstein
982,Lauren Lazin
983,Brandon Panaligan
984,Kate Berry
985,Michelle MacLaren
986,Hank Stepelton
987,Idris Elba
988,Michael Gara
989,Ashley Zalta
990,Walter Iuzzolino
991,Daniel Nettleton
992,Wolfgang Cimera
993,Lisa Nishimura
994,Chris Perry
995,Maria Pepin
996,Jerusha Hess
997,Pavlina Hatoupis
998,Bill Gallagher
999,Kim Kylland
1000,Jared Moldenhauer
1001,Van Toffler
1002,Rob Dyrdek
1003,Fred Savage
1004,Lorne Michaels
1005,Thomas Vu
1006,Reba McEntire
1007,Clark Reinking
1008,Cris Abrego
1009,Peter Jaysen
1010,Sam Rockwell
1011,Rob Sorcher
1012,Hamish Fergusson
1013,Laeta Kalogridis
1014,John Meredyth Lucas
1015,Fabian Maubach
1016,Warren Ellis
1017,Dan Perrault
1018,Paula Weinstein
1019,Rose Marie Vega
1020,Tom Willis
1021,"Curtis ""50 Cent"" Jackson"
1022,Dwight D. Smith
1023,Tim Minear
1024,Andrés Calderón
1025,Jack Bender
1026,Lianne Moriarty
1027,Gail Berman
1028,Emily Wiedemann
1029,Robert M. Wise
1030,Charles Roven
1031,Jaime Paglia
1032,Catherine Winder
1033,Patrick MacManus
1034,Josef Göhlen
1035,Simon Vaughan
1036,Lizzie Fox
1037,Charles Murray
1038,Bobs Gannaway
1039,Dan Dworkin
1040,Dan Lin
1041,Michael Steed
1042,Tony Thomas
1043,Lucia Aniello
1044,Michael Uppendahl
1045,Kit Harington
1046,Nick Jonas
1047,Evan Goldberg
1048,Sebastien K. Lemercier
1049,Fran Rubel Kuzui
1050,Joshua Zeman
1051,Juan de Dios Larraín
1052,Jeff Buhler
1053,Geyer Kosinski
1054,Stephen Levinson
1055,Mark Harmon
1056,Marcie Hume
1057,Lindsay Schwartz
1058,Jonathan Kimmel
1059,Patrick Somerville
1060,Greg Lipstone
1061,Justin Ridge
1062,Bart Nickerson
1063,David Chase
1064,Matt Odgers
1065,Ryan Rasmussen
1066,John Altschuler
1067,Chris Nee
1068,Nicky Weinstock
1069,Brian Henson
1070,Meredith Kaulfers
1071,Shannon E. Riggs
1072,Derek Doneen
1073,Kathleen Larkin
1074,Leslye Headland
1075,John Howard Davies
1076,Jim Field Smith
1077,Kara Kurcz
1078,Tom Keaney
1079,Richard Price
1080,Per Saari
1081,Mark Lafferty
1082,Karim Zreik
1083,Gabriel Silver
1084,Elizabeth Rogers
1085,Marc Cherry
1086,Jamie Tarses
1087,Greg Johnson
1088,Emma Roberts
1089,Mark Carliner
1090,Wendy Molyneux
1091,Julie Gaither
1092,Sacha Baron Cohen
1093,Luca Bercovici
1094,Christina Steinberg
1095,Jude Liknaitzky
1096,Corey Campodonico
1097,Deborah Chow
1098,Robert Kirkman
1099,Rob Pursey
1100,Ira Steven Behr
1101,Christine Roum
1102,Scott Morgan
1103,Asche Giglio
1104,Michelle Chapman
1105,Carrie Cook
1106,Pippa Harris
1107,Alexander H. Browne
1108,Victoria Morrow
1109,Sandy Gallin
1110,Sharon Tal Yguado
1111,Bill Locke
1112,Ari Lubet
1113,Allison Berkley
1114,Stephen Glover
1115,David W. Zucker
1116,Helen Flint
1117,Dante Di Loreto
1118,Jerry Bruckheimer
1119,Betsy Beers
1120,Rob Delaney
1121,Paul Di'Anno
1122,Jay Leno
1123,Dr. Phil McGraw
1124,Michael Offer
1125,Jo McGrath
1126,Jared Christopher
1127,Linda Carlson
1128,Dan Hageman
1129,Jason Schrift
1130,Amanda Burrell
1131,Muriel Pearson
1132,Rose Garnett
1133,Tom Luse
1134,Paul Junger Witt
1135,Siobhan Byrne O'Connor
1136,Mike Weber
1137,Michael Price
1138,Beth Laski
1139,Colin Teevan
1140,Ryan Hawke
1141,Brooke Posch
1142,Warwick Thornton
1143,David Schalko
1144,Bert Salke
1145,Lee Child
1146,Danneel Ackles
1147,Alan Fine
1148,Ryan Stiles
1149,Michael Mann
1150,Julie Gardner
1151,Mark Wilding
1152,Kaz Kuzui
1153,Sergio Silva
1154,Megan Alexander
1155,Adam Zuvich
1156,Tmira Yardeni
1157,Pancho Mansfield
1158,Nichole Beattie
1159,Lena Waithe
1160,Jennifer Miller
1161,Rebecca Hobbs
1162,John Conboy
1163,Matt Anderson
1164,Darren Lemke
1165,Mark Herzog
1166,Anne Mensah
1167,Keith Geller
1168,Peter Nelson
1169,Daniel Zelman
1170,Naomi Watts
1171,Josh Braun
1172,Ann Cherkis
1173,Joseph Mallozzi
1174,Jared Lipworth
1175,Jane Gogan
1176,Anne Brogan
1177,Victor Hsu
1178,Jake Adelstein
1179,Robert Sharenow
1180,Chris Long
1181,Matthew Graham
1182,Derek Atherton
1183,William Shatner
1184,Dan Jinks
1185,Scott Brazil
1186,Nicole Kidman
1187,Iginio Straffi
1188,Lukas Reiter
1189,Josh Model
1190,Phil Lloyd
1191,Steven Bochco
1192,Seth Meyers
1193,Destin Daniel Cretton
1194,Brad Haugen
1195,Ryan O'Dowd
1196,Michael Rauch
1197,Andy Wilman
1198,Chuck Hogan
1199,Benjamin Bradley
1200,Rosalie Swedlin
1201,Alex Goldstone
1202,Daniel Norris
1203,Francis Gasparini
1204,Dr. Phillip C. McGraw
1205,Prince Harry
1206,Chazz Carfora
1207,Chris Pratt
1208,Clio Barnard
1209,Henrik Bastin
1210,Peter Friedlander
1211,Cleve Keller
1212,Darren Ward
1213,Mary E. Donahue
1214,Mary Leah Sutton
1215,Peter Moffat
1216,Jonathan Liebesman
1217,Jeffrey Goldberg
1218,Sara Rodriguez
1219,Ari Basile
1220,Jihan Robinson
1221,John Polson
1222,Judd Apatow
1223,Harvey Myman
1224,Eric Overmyer
1225,Julia Eisenman
1226,Amy Beth Barnes
1227,Kayla Alpert
1228,Nat Saunders
1229,Chas. Floyd Johnson
1230,Alex Hirsch
1231,Ronan Bennett
1232,Jill Wilfert
1233,Lowell Bergman
1234,Greg Beeman
1235,Dylan Russell
1236,John Hoffman
1237,Beth Belew
1238,Zoe Saldana
1239,Jeanie Buss
1240,Douglas Mackinnon
1241,Robin Sweet
1242,Rich Rinaldi
1243,Darin Friedman
1244,Uta Briesewitz
1245,John Krasinski
1246,Matt Shakman
1247,Nash Edgerton
1248,Valentín Pimstein
1249,Jennifer Sharron
1250,Tom Szentgyorgyi
1251,Jeff Davis
1252,Don Bellisario
1253,Eve Kay
1254,Abby Schwarzwalder
1255,Jennifer Twiner McCarron
1256,Marco Kreuzpaintner
1257,Scott D. Greenberg
1258,Tony DiSanto
1259,Hugo Heppell
1260,Amy Entelis
1261,Alex Duda
1262,Kim Sheerin
1263,Michael Carrington
1264,Brandon Barr
1265,Genndy Tartakovsky
1266,Andrew Miller
1267,Andrew Wilder
1268,Joe Lessard
1269,Rob Burnett
1270,Rupert Wyatt
1271,Elyse Steinberg
1272,Roberto Aguirre-Sacasa
1273,Jon Bardin
1274,Rashida Jones
1275,Floris Bauer
1276,Trevor Noah
1277,Avi Arad
1278,Will Carsola
1279,David Crane
1280,Danny Smith
1281,Zara Duffy
1282,Geralyn White Dreyfous
1283,Paul Unwin
1284,Frank Cardea
1285,Danny Tipping
1286,Berg
1287,Hilary Martin
1288,Seth Gordon
1289,Lisa Hanawalt
1290,Nathan Fielder
1291,Howard Klein
1292,Josh S. Barry
1293,Jed Elinoff
1294,Robyn Semien
1295,Matt Tyrnauer
1296,David Craig
1297,Frank Miller
1298,Matt Hastings
1299,Phil Klemmer
1300,Carol Serling
1301,Lydia Tenaglia
1302,Jim Juvonen
1303,Hans Proppe
1304,Sam Dean
1305,Rosa Tran
1306,Ariel White
1307,Morgan O'Sullivan
1308,Allison Miller
1309,David Hodgkinson
1310,Frank Scherma
1311,Nanette Burstein
1312,Vera Farmiga
1313,Suzanne Mackie
1314,Mike Listo
1315,Tim Coddington
1316,Bryan Burk
1317,Marcie Ulin
1318,Maggie Friedman
1319,Erica Saleh
1320,Ben Hoffman
1321,Glen Mazzara
1322,Brandon Blackstock
1323,Jason Owen
1324,Melissa Bernstein
1325,Adrienne LaFrance
1326,Alan Yang
1327,Ronna Gradus
1328,Jimmy Fallon
1329,D.B. Weiss
1330,Marta Kauffman
1331,Daphna Levin
1332,Becky Clements
1333,M. Night Shyamalan
1334,John Linson
1335,Judith Verno
1336,Joel Collins
1337,Brian Burns
1338,Stephen King
1339,Jeff Kwatinetz
1340,Hilary Saltzman
1341,Melissa Cutlip
1342,Gail Lyon
1343,Mariana Diaz-Wionczek
1344,Richard Bacon
1345,Aleksandr Akopov
1346,Mike Farah
1347,Heather Gray
1348,Jacqueline Olive
1349,Taron Egerton
1350,Kevin Burns
1351,John Lesher
1352,Dana Terrace
1353,Tanya Linton
1354,Anna Beattie
1355,Mark Itkin
1356,Stephen Curry
1357,Steve Yockey
1358,Frank Darabont
1359,Halsted Sullivan
1360,Peter Lovering
1361,Miranda Kwok
1362,Jason Sklaver
1363,George Butts
1364,Leslie Morgenstein
1365,Gabe Liedman
1366,Alan Zaslove
1367,Raphael Bob-Waksberg
1368,Kris Jenner
1369,Tom Clancy
1370,Tony Basgallop
1371,Jörg Grabosch
1372,Greg Stewart
1373,Silver Tree
1374,Deepak Nayar
1375,Andrew MacKenzie
1376,Stephen Frears
1377,Sidney Hayers
1378,Jon Stewart
1379,Moira Walley-Beckett
1380,Declan O'Dwyer
1381,Roma Downey
1382,Michael Lynne
1383,Dave Rupel
1384,Jane Chung
1385,Zackary Drucker
1386,Maurissa Tancharoen
1387,Kat Coiro
1388,Daniel Sackheim
1389,Mark Levin
1390,Matthew Testa
1391,Mike Spencer
1392,Carl Franklin
1393,Scott Rudin
1394,Greg Shephard
1395,Sam Catlin
1396,Alex Weresow
1397,Richard Hague
1398,Marty Adelstein
1399,Jason Burrows
1400,Daniel Sivan
1401,Gail Mutrux
1402,Allan Arkush
1403,Tembi Locke
1404,Nanfu Wang
1405,Rachael New
1406,Scott Lonker
1407,Colin Trevorrow
1408,Nigel Marchant
1409,Kevin Lafferty
1410,Robert Vince
1411,Terence Dudley
1412,Steve Bodow
1413,Andrew Spaulding
1414,Leah Remini
1415,Tomek Baginski
1416,Daniel Lennard
1417,Sarah Aubrey
1418,Samantha Strauss
1419,Patrick Irwin
1420,Ekta Kapoor
1421,Rikki Hughes
1422,Gigi Pritzker
1423,Dan Halsted
1424,Kate del Castillo
1425,Meredith Averill
1426,Chris Bailey
1427,Catherine Oldfield
1428,Damon Lindelof
1429,R. Lee Fleming Jr.
1430,Richard Irving
1431,Aaron Horvath
1432,Raelle Tucker
1433,Scott A. Stone
1434,Steve Tisch
1435,Molly McNearney
1436,Ethan Hawke
1437,Daniel West
1438,Joshua Donen
1439,Crystal Liu
1440,Theo James
1441,Brett Baer
1442,Dan Partland
1443,Katie Couric
1444,Daniel Pyne
1445,Jack Black
1446,Mike Judge
1447,Kevin A. Leman II
1448,Colleen Conway
1449,Craig H. Shepherd
1450,Jeffrey Soros
1451,Banks Tarver
1452,Dan Patterson
1453,Larry David
1454,Peter Hastings
1455,Mark Schwahn
1456,Scott Ferguson
1457,Matt Wolpert
1458,Martin Gero
1459,Jon Schroeder
1460,Dennie Gordon
1461,Matthew Federman
1462,Jenna Santoianni
1463,Peter Billingsley
1464,Trina Siopy
1465,Peter Morgan
1466,Shannon Prynoski
1467,Kevin Miserocchi
1468,Joaquim Dos Santos
1469,Michael C. Hall
1470,Lars Beckung
1471,James McKinlay
1472,Adi Shankar
1473,Jonathan E. Steinberg
1474,Ellen Doherty
1475,Sang Kyu Kim
1476,Julian Fellowes
1477,Robert Zemeckis
1478,John M. Penotti
1479,Ron Burkle
1480,Jake Cardew
1481,Mark Duplass
1482,Julia Willoughby Nason
1483,Emre Sahin
1484,Stan Lee
1485,Brian Lee
1486,Brannon Braga
1487,Michael Ellenberg
1488,Dawn Porter
1489,Tom Selleck
1490,Kurt Sutter
1491,Randy Barbato
1492,Bob Schermerhorn
1493,Billy Kimball
1494,Paris Barclay
1495,Henry Jaffe
1496,Roy Huggins
1497,Radford Sechrist
1498,Jim Henson
1499,Jed Whedon
1500,Marty Lagina
1501,Sue Nott
1502,Sean Moran
1503,Guillermo del Toro
1504,Scott Reynolds
1505,Paul Pawlowski
1506,Marti Noxon
1507,Chad Oakes
1508,Allan Scott
1509,Tony Phelan
1510,Alan Gasmer
1511,Frank Quitely
1512,Jesse Armstrong
1513,David Scarpa
1514,Heather Rae
1515,Rebecca Chaiklin
1516,Jon Liebman
1517,Dennis Quaid
1518,Kayo Washio
1519,Susan Leventhal
1520,Peter King
1521,Jenny Lumet
1522,Dan Braun
1523,Joel Chiodi
1524,Ebie
1525,Keith McKay
1526,Joe Connelly
1527,Jim Dauterive
1528,Cody Zwieg
1529,Don Granger
1530,Joss Whedon
1531,Lindsey Liberatore
1532,Sana Amanat
1533,Elizabeth Sarnoff
1534,Miguel Salvat
1535,Kelly Ripa
1536,Mohamed Diab
1537,Vyacheslav Dusmukhametov
1538,Rick Wiener
1539,Jennifer Davisson
1540,Cora Olson
1541,Scott M. Delman
1542,Paul Cummins
1543,Jon Adler
1544,Scott Franklin
1545,Jo Roe
1546,Teller
1547,Mark W. Olsen
1548,James Gandolfini
1549,Will Arnett
1550,Salim Akil
1551,Clelia Mountford
1552,Brian Eastman
1553,Waco O'Guin
1554,Dan Friedkin
1555,Elizabeth Cook
1556,Troy Searer
1557,Graham Yost
1558,David Schickler
1559,Alfred Gough
1560,Jordan Peele
1561,J.T. Rogers
1562,Adam Horowitz
1563,Nick Barnicle
1564,Michael Koman
1565,Peter Emerson
1566,Johnny Capps
1567,Saurabh Kakkar
1568,Pete Czernin
1569,Bharat Nalluri
1570,Nina K. Noble
1571,Bill Dubuque
1572,David S. Goyer
1573,James Robinson
1574,Wendi Trilling
1575,Christopher Sarson
1576,Sean Hayes
1577,Shannon Tindle
1578,Elizabeth Banks
1579,Ron West
1580,Shawn Ryan
1581,Ted Adams
1582,Andy Brereton
1583,Kyle Killen
1584,Tamara Becher-Wilkinson
1585,John Hodge
1586,Louis D'Esposito
1587,Jeannine Renshaw
1588,Rick Lagina
1589,Philip D'Antoni
1590,Norman Lloyd
1591,Suzanne Lavery
1592,Jacquelyn French
1593,Kurt Mueller
1594,Luke Neslage
1595,Cameron Welsh
1596,Tim Walsh
1597,Tim Duffy
1598,Tim Puntillo
1599,Miri Yoon
1600,Sue Birtwistle
1601,Douglas Argent
1602,Jeremiah S. Chechik
1603,Darren Brandl
1604,James D. Stern
1605,Adam Lowitt
1606,Dimitri Doganis
1607,C.J. Kettler
1608,Irwin Allen
1609,Simon Baker
1610,Simon Winstone
1611,Janice Williams
1612,Steve Condie
1613,Greg Weisman
1614,Jackie Levine
1615,Russ McCarroll
1616,Jennifer Flackett
1617,Kelly Galuska
1618,Farnaz Farjam
1619,Brooke Kennedy
1620,K.P. Anderson
1621,Bradford Baruh
1622,Michael Binkow
1623,Adam Simon
1624,Reg Hill
1625,Brad Rau
1626,Todd Schramke
1627,Marshall Persinger
1628,Tracy Whittaker
1629,Mike Frislev
1630,Blake Edwards
1631,Jill Bauer
1632,Paul Martin
1633,Steve Kroopnick
1634,Kate Amer
1635,Tom Shelly
1636,Kara Baker
1637,Louise Norman
1638,Brad Abramson
1639,Paul Clarkson
1640,Mark Freeland
1641,John Wells
1642,Zen Miyake
1643,Robert Rodriguez
1644,Michael Crichton
1645,Daniel Goldfarb
1646,Chrissy Teigen
1647,Emily Shields
1648,Tom McCarthy
1649,Madeleine Carter
1650,Cindy Kain
1651,Michael Green
1652,Greg Nicotero
1653,Francis Lawrence
1654,Eve Marson
1655,Greg Jonkajtys
1656,Mike Richardson
1657,Scott Larsen
1658,Todd Garner
1659,Matt Stone
1660,William Hanna
1661,Bronwen Hughes
1662,Shuki Levy
1663,Mike Gibbons
1664,Gaten Matarazzo
1665,Ravi Nandan
1666,Perri Kipperman
1667,Gale Anne Hurd
1668,Alon Shtruzman
1669,Rachel Rusch Rich
1670,Tom Lesinski
1671,John Shiban
1672,Daniel Abraham
1673,Christina Beachy
1674,Aaron Fishman
1675,Carolyn Strauss
1676,Regina K. Scully
1677,Steven Lilien
1678,Greer Shephard
1679,Brendan Fletcher
1680,Austin Reading
1681,Alexander Rodnyansky
1682,David Britten Prior
1683,Noah Rubenstein
1684,Kevin Hench
1685,Adam McKay
1686,Iain Canning
1687,David Semel
1688,Michelle Schiefen
1689,Kathleen Kennedy
1690,Bruce Prichard
1691,Ceán Chaffin
1692,Susan Montford
1693,Rob Hammersley
1694,Shane Nickerson
1695,Chris Eyre
1696,Danny Schrader
1697,Nicole Boekhoorn
1698,Sara Bernstein
1699,Graham Stuart
1700,Robert Kondo
1701,Hope Hartman
1702,Rod Roddenberry
1703,David Frankel
1704,David Sloan
1705,Kevin Hart
1706,Paul McGuigan
1707,Amy Lippman
1708,Caroline Dries
1709,Kevin Dunn
1710,Robert May
1711,Dean Parisot
1712,Al Gough
1713,J.D. Roth
1714,Tracy Jernagin
1715,Brittney Segal
1716,Jeremy Dear
1717,Marc Provissiero
1718,Justin Kurzel
1719,Trey Parker
1720,Nick Frost
1721,Bob Fisher
1722,Don Kurt
1723,Farnaz Farjam-Chazan
1724,Susannah Grant
1725,Jon Bokenkamp
1726,Max Thompson
1727,Chris Keyser
1728,Adam Feinstein
1729,Steve Golin
1730,Brian Gewirtz
1731,Anna Fricke
1732,Jeff Cooney
1733,Diego Betancor
1734,Cristina Giubbetti
1735,Jilly Pearce
1736,Matt Nix
1737,Michael Sagol
1738,Drew Comins
1739,Lukas Kaiser
1740,Nikki Taub
1741,Natasha Lyonne
1742,Hend Baghdady
1743,Paul Garnes
1744,Brian K. Vaughan
1745,Mark Fergus
1746,Liz Trubridge
1747,Jay Duplass
1748,Sinead Daly
1749,Broderick Johnson
1750,Chad Hammes
1751,Robert E. Thompson
1752,Kim Kardashian West
1753,Andrew Mittman
1754,Scott Steindorff
1755,Elmore Leonard
1756,Andy Mason
1757,Craig Mazin
1758,Lang Fisher
1759,Ruth Kenley-Letts
1760,Kieran Valla
1761,Miles Teller
1762,Nataliya Shneyderova
1763,Jeff Apploff
1764,C.J. Box
1765,Jon Schumacher
1766,Brian Volk-Weiss
1767,Michael Chabon
1768,Steven Rogers
1769,Brinda Adhikari
1770,Christopher Pike
1771,Vince Gilligan
1772,Hakan Kousetta
1773,Michael J. Miller
1774,Rodrigo Blaas
1775,Larry Dorf
1776,Kate O'Riordan
1777,Lauren P. Gellert
1778,Barry Josephson
1779,David Matthews
1780,Samantha Beddoes
1781,Ricardo Curtis
1782,Michele Buck
1783,Jessica Hargrave
1784,David Milner
1785,Emilio Larrosa
1786,Lenore Zion
1787,Frederik Malmberg
1788,Marcel Boekhoorn
1789,Mike Scully
1790,Kemar Bassaragh
1791,Meaghan Oppenheimer
1792,Edwina Follows
1793,Dirk Hoogstra
1794,Aleksey Mitrofanov
1795,Ted Humphrey
1796,Beth Schwartz
1797,Audrey Chon
1798,Christopher Aird
1799,Juno Lee
1800,Milind D. Shinde
1801,Lisa Hennessy
1802,Steve Lightfoot
1803,Vatsala Aron
1804,Justin Marks
1805,Jon Favreau
1806,Charlie Hampton
1807,Matt Damon
1808,Ernst von Theumer
1809,Robin Veith
1810,Alexi Hawley
1811,Jared Hess
1812,Tiller Russell
1813,Martin Moszkowicz
1814,Nate Matteson
1815,Alison Jackson
1816,Leonard White
1817,Alexandra Rushfield
1818,Penn Jillette
1819,Donald Glover
1820,Joe Farrell
1821,Dan Fogelman
1822,Andy Charles Smith
1823,John Fusco
1824,Stephen Christy
1825,Jonathan Levine
1826,Clare Alan
1827,Seth Rogen
1828,Todd Black
1829,Julianne Moore
1830,Brian Yorkey
1831,Christopher Cantwell
1832,Amy Seimetz
1833,Jonathan Starch
1834,Aaron Saidman
1835,Chris Potts
1836,Jason Bolicki
1837,Jakob Verbruggen
1838,Alison Rosenzweig
1839,Randy Counsman
1840,Jennifer Wagman
1841,Danny Cannon
1842,Art Linson
1843,Kevin Feige
1844,David Graziano
1845,Steven D. Binder
1846,Wendy Mericle
1847,Chad Mumm
1848,Cal Coons
1849,Fred Olen Ray
1850,Peter Kunhardt
1851,Gene L. Coon
1852,Chris Coelen
1853,David Garfinkle
1854,Ben Cavey
1855,Joel Wilson
1856,Mike Gunton
1857,Sean Jablonski
1858,Marco Dionisi
1859,Kimberly Goodman
1860,Paul Simms
1861,Vince DiPersio
1862,James L. Brooks
1863,Carina Adly MacKenzie
1864,Alexandra Milchan
1865,Aaron Kaplan
1866,Michael Hogan
1867,Terry Wood
1868,John Sacchi
1869,Blair Foster
1870,Amanda Segel
1871,Amani Duncan
1872,Athena Portillo
1873,Dawn Olmstead
1874,Jill Holmes
1875,Tim Allen
1876,Jo Ann Alfano
1877,George Pelecanos
1878,Jessica Rhoades
1879,Antoine Fuqua
1880,Michelle Ashford
1881,Tom Pearson
1882,Shelly Tatro
1883,Jordan Kerner
1884,Tara Butters
1885,Drew Carey
1886,Alan Ball
1887,Barbara Hall
1888,Gary Ungar
1889,Cheryl Nichols
1890,Nia Long
1891,Tommy Harper
1892,Gwyneth Horder-Payton
1893,Rob Hanning
1894,Ralf Husmann
1895,Peter Goetz
1896,Albert Bianchini
1897,Stephen Broussard
1898,Corey Reeser
1899,Steven Saltzman
1900,Erick Peyton
1901,Bruce Campbell
1902,Phil Hunt
1903,Marney Hochman
1904,Sarah Walmsley
1905,Jehane Noujaim
1906,Jenna Bans
1907,David Nath
1908,Sean Crouch
1909,Sheila Nevins
1910,Kristel Laiblin
1911,Sarah Timberman
1912,Dan Erickson
1913,Oliver Mielke
1914,Trevor Macy
1915,Gavin O'Connor
1916,Kate Herron
1917,Henry Alonso Myers
1918,Kristen Bell
1919,Shawn Witt
1920,Jeron Smith
1921,Nerys Evans
1922,Caroline Short
1923,Trice Barto
1924,Jeff Skoll
1925,Vince Gerardis
1926,Liza Chasin
1927,Orlando Bloom
1928,Alycia Rossiter
1929,Vince Calandra
1930,Deborah Forte
1931,Peter Berry
1932,Josh Weinstein
1933,Ryan Condal
1934,Miles Ketley
1935,Kirsten Sheridan
1936,Ned Parker
1937,Endre Bohem
1938,Stephen David
1939,Suzanne McAuley
1940,Joan Rater
1941,Jay Firestone
1942,Barry Diller
1943,Steve Jones
1944,Vera Miao
1945,Daniel Écija
1946,Frank Rich
1947,Hailee Steinfeld
1948,Ed Brubaker
1949,Robert Scull
1950,Jeffrey Lieber
1951,Phil Hay
1952,Matthew Byam-Shaw
1953,Rob Gibbons
1954,Mirit Toovi
1955,David Ellison
1956,Robin Schwartz
1957,Marc Roskin
1958,Nikki Toscano
1959,Lauren Beukes
1960,Marc Conrad
1961,Timothy Kuryak
1962,Tim Martin
1963,John A. Davis
1964,Steve Pegram
1965,Kate Felsted
1966,Layla Smith
1967,Andrew Davies
1968,Jason Kurtz
1969,Otto Bathurst
1970,Pierre Thomas
1971,Ilene Chaiken
1972,Jack Rapke
1973,Carl H. Lindahl
1974,Matthew Justice
1975,Michelle Purple
1976,David Glasser
1977,Nick Cammilleri
1978,Monica Mitchell
1979,Dave Becky
1980,Sarah Skibitzke
1981,Marianne Maddalena
1982,Robert C. Cooper
1983,Carrie Stein
1984,Kahane Cooperman
1985,Jeff Redmond
1986,Sean M. Stuart
1987,Terence Paul Winter
1988,Keith Goldberg
1989,David Eilenberg
1990,Diego Luna
1991,Dan Minahan
1992,Erica Sashin
1993,Kevin Williamson
1994,John Saade
1995,Nancy Abraham
1996,Chris Dingess
1997,Neal Moritz
1998,Alexandra Meistrell
1999,Steve Zaillian
2000,Daniel Percival
2001,Jonathan Glassner
2002,Eric Detwiler
2003,Laura Ricciardi
2004,Peter Fincham
2005,Allan Heinberg
2006,Stacey Offman
2007,John Legend
2008,Jacqueline Hoyt
2009,Michelle King
2010,Jeremy Carver
2011,Steve Pearlman
2012,Mark Vlasic
2013,Zach Hadel
2014,Win Rosenfeld
2015,Anneka Jones
2016,David Shore
2017,Kris Thykier
2018,John Weber
2019,David Benioff
2020,David Crean
2021,Irfan Rahman
2022,Richard Lopez
2023,Elizabeth McIntyre
2024,Joby Harold
2025,Will Smith
2026,Lasse Hallberg
2027,Christina Ricci
2028,Domini Hofmann
2029,Brady Connell
2030,Dean Devlin
2031,David Simon
2032,Colson Whitehead
2033,Michael Costigan
2034,Zach Cregger
2035,Kevin Morrison
2036,Guy Lavie
2037,Christopher Keenan
2038,Trinh Tran
2039,Gennifer Gardiner
2040,Jamie Salter
2041,Alena Smith
2042,J.K. Rowling
2043,Octavia Spencer
2044,Larry Mondragon
2045,Mark McKinnon
2046,David A. Goodman
2047,Brandon Oldenburg
2048,Ron Chernow
2049,Sam Shaw
2050,Roberto Orci
2051,Kevin Lee
2052,Niecy Nash-Betts
2053,Bradley Thompson
2054,Richard Plepler
2055,Kieran Smith
2056,Kerry Ehrin
2057,Neil Gaiman
2058,Deirdre Connolly
2059,Bryan Singer
2060,Jorge R. Gutierrez
2061,Kanako Shirasaki
2062,Jeff Pinkner
2063,Michael Tollin
2064,George Kunhardt
2065,Anne-Maree Sparkman
2066,Alice Webb
2067,Mohamed Hefzy
2068,Mike Duffy
2069,Marigo Kehoe
2070,Annette Reeker
2071,Andrew Woodhead
2072,Tony McNamara
2073,Andrew Colville
2074,Tucker Gates
2075,Jonathan Halperin
2076,Michael O'Sullivan
2077,Lemuel Plummer
2078,Dr. Drew Pinsky
2079,Matt Assmus
2080,Alfred Hitchcock
2081,James Lee Hernandez
2082,David Fincher
2083,Benjamin Crump
2084,Will Speck
2085,Don Murphy
2086,Lane Lueras
2087,John Hlavin
2088,Yong Yam
2089,Natalka Znak
2090,Charlize Theron
2091,David Keane
2092,Margot Robbie
2093,Eli Manning
2094,Jessica Grimshaw
2095,Janelle Momary-Neely
2096,Phil Lord
2097,Ben Edlund
2098,Nicolo Laurent
2099,Peter Rieveschl
2100,Bruce Toms
2101,Aaron Harberts
2102,Jon Beyer
2103,Brittany Kahan
2104,Sam Mendes
2105,Kenny Wax
2106,Hermann Joha
2107,Brandon Carroll
2108,William Swann
2109,Jay McGraw
2110,Matthew Rutler
2111,Scott Buck
2112,Andrew Jacobs
2113,Jacqueline Smith
2114,Michele Fazekas
2115,Scott St. John
2116,Russell T. Davies
2117,Helen Mirren
2118,Miguel Melendez
2119,David Comtois
2120,Michael Antinoro
2121,M. Dickson
2122,Mads Hansen
2123,Cori Shepherd Stern
2124,Michael Branton
2125,Gary Goetzman
2126,Tom Coan
2127,Bob Weinstein
2128,Amy Brenneman
2129,Ethan Coen
2130,Mike Gasparro
2131,Tom Smuts
2132,Noelle Stevenson
2133,John Holmes
2134,Flying Lotus
2135,Matt Goldberg
2136,Taki Oldham
2137,Patti Carr
2138,Callum Greene
2139,Alec Sulkin
2140,Joe Lewis
2141,Ben Stephenson
2142,Scott Teti
2143,Philip Pullman
2144,Dylan Rees
2145,Susan Downey
2146,DJ Skee
2147,Gary R. Benz
2148,Paul Ricci
2149,Dave Erickson
2150,Kate Crowe
2151,Greg Garcia
2152,Darcy Fowler
2153,Leonardo DiCaprio
2154,Luke Colson
2155,Richard Middleton
2156,Archie Gips
2157,LeBron James
2158,Michelle Dean
2159,Tom Hooper
2160,Rick Messina
2161,Richard J. Lewis
2162,Sherwood Schwartz
2163,Dorothy Byrne
2164,Todd A. Kessler
2165,Mor Loushy
2166,Richard Suckle
2167,Ken Jeong
2168,Mary Rae Thewlis
2169,Dan Truly
2170,Faye Dorn
2171,Brad Pitt
2172,Mara Brock Akil
2173,Michael Agbabian
2174,Mel Eslyn
2175,Thomas Wheeler
2176,Sera Gamble
2177,Jack Thorne
2178,Tony Scott
2179,Hilary Swank
2180,Ian Herring
2181,Jane Espenson
2182,Roberto Patino
2183,Morten Tyldum
2184,John Barningham
2185,Jeri Taylor
2186,Chris Carter
2187,Rene Echevarria
2188,Tara Montgomery
2189,Barry Poznick
2190,Will Ferrell
2191,Chris Miller
2192,J. J. Abrams
2193,Tyler Vince
2194,Andrew Anderson
2195,Oscar Isaac
2196,Aron Eli Coleite
2197,Anna Culp
2198,Cathy Konrad
2199,Aki Isoyama
2200,Dave Jeser
2201,Jin Ishimoto
2202,Daniel Wilson
2203,Benjamin Anderson
2204,Steph Harris
2205,Steven Levenson
2206,Jessica Gao
2207,Craig D'Entrone
2208,Paul Attanasio
2209,Ben Irving
2210,Fred Golan
2211,David Kissinger
2212,Brad Peyton
2213,Randy Jackson
2214,Sharon Levy
2215,Leigh Bardugo
2216,Alan Poul
2217,David Glover
2218,Natalya Mogilevskaya
2219,Steven S. DeKnight
2220,George Clooney
2221,Mike Flanagan
2222,Peter Beard
2223,Ken Keeler
2224,Richard Sharkey
2225,Tony Krantz
2226,Peter LoGreco
2227,Gerry Anderson
2228,Eric Tuchman
2229,Jane Aldous
2230,Stephen Cragg
2231,Aaron Paul
2232,Alison Tatlock
2233,Craig DiGregorio
2234,James Bobin
2235,Liz Kruger
2236,Tim Lambert
2237,Kevin Murphy
2238,David Manson
2239,Bryan Unkeless
2240,Hillary Clinton
2241,April Blair
2242,Nathan Fillion
2243,D. B. Weiss
2244,Laura Lancaster
2245,Jackson Rowe
2246,Angela C. Santomero
2247,Jonathan Nowzaradan
2248,Andrew Goldberg
2249,John Cosgrove
2250,Andrew Form
2251,George Schenck
2252,J. Miles Dale
2253,Michael Hammond
2254,Michael Piller
2255,Peter Macdissi
2256,Paul Playdon
2257,Steven Spielberg
2258,Jon Steinberg
2259,Jeff Rake
2260,Barry Jenkins
2261,Tony Hernandez
2262,Kevin Messick
2263,Jason Winer
2264,Sally Evans
2265,Lauren Montgomery
2266,Elle Johnson
2267,Dailyn Rodrigues
2268,Tom Cox
2269,Chris Fedak
2270,Jared Padalecki
2271,David Doss
2272,Rick Jacobs
2273,Jack Chertok
2274,David Miner
2275,Layon Gray
2276,George Ormond
2277,Eric Goode
2278,Silka Luisa
2279,Pieter Jan Brugge
2280,Darío Madrona
2281,Dominic Treadwell-Collins
2282,Elle Fanning
2283,Matt Thompson
2284,Yuri Nikitin
2285,David L. Wolper
2286,Mike Schur
2287,Rachel Gardner
2288,Robert Fox
2289,Jason Clark
2290,Mark Redhead
2291,Julian P. Hobbs
2292,Tamara Gilder
2293,Jeff Clanagan
2294,Anita Camarata
2295,Thom Beers
2296,Stijn Bakkers
2297,Sean Gallagher
2298,Michael Rizzo
2299,David Angell
2300,Alicia Kerr
2301,Dan Shotz
2302,Eurydice Gysel
2303,Laurie McCarthy
2304,Jemaine Clement
2305,Bill Carraro
2306,Robert Ben Garant
2307,Christiane Ruff
2308,Andy Lassner
2309,Brittany Kahan Ward
2310,Roger Ross Williams
2311,Gary Sinise
2312,Charlie Gogolak
2313,Jason Sterman
2314,Butch Hartman
2315,Mindy Fila
2316,Danny Boyle
2317,Derek Westervelt
2318,Michael Hild
2319,Andy Cadman
2320,Mike Richards
2321,Lauren Simms
2322,Kerstin Ramcke
2323,Cheri Barner
2324,Michael Strahan
2325,Jochen Laube
2326,John McNamara
2327,David Katzenberg
2328,Craig Gillespie
2329,Richard Abate
2330,Dane Allan Smith
2331,Chris Uettwiller
2332,Robin Henry
2333,Sarah Silverman
2334,Hiram Garcia
2335,Jen Isaacson
2336,David Oyelowo
2337,David Zuckerman
2338,Melissa Wells
2339,Harvey Weinstein
2340,James Haygood
2341,Dan Morando
2342,John Hesling
2343,Mark Aspen
2344,John Foy
2345,Ken Watanabe
2346,Mark Leveson
2347,Sam Esmail
2348,Glen Zipper
2349,Jordan Blum
2350,David Bartis
2351,Matthew Helderman
2352,Michael Bolton
2353,Zev Borow
2354,David Stefanou
2355,Karen Smith
2356,Tom Hiddleston
2357,Nick Dorra
2358,Jason Blum
2359,Kathleen Lingo
2360,Ed McDonnell
2361,Mike Shoemaker
2362,Colette Foster
2363,Nicole Yorkin
2364,Michael Jacobs
2365,James Mangold
2366,Mark Brownlow
2367,Tim Carvell
2368,Laurent Cavalier
2369,Matthew Goldberg
2370,Darrell Olsen
2371,Laura McKenzie
2372,Andrew Golder
2373,Jeremy Slater
2374,Jon Doran
2375,Barry Jossen
2376,John Oliver
2377,Alana Carithers
2378,Stephen Butchard
2379,Álex Pina
2380,Lawrence Kasdan
2381,Steve Callaghan
2382,Asif Kapadia
2383,Michelle Rejwan
2384,Maverick Carter
2385,James Taylor
2386,Tim Miller
2387,Jessica Elbaum
2388,Josh Tyrangiel
2389,Trent O'Donnell
2390,Randall Emmett
2391,Noah Pollack
2392,Jonathan Demme
2393,David Solomon
2394,Josh Stern
2395,Michael Engler
2396,Mark Friedman
2397,Alexandra Cunningham
2398,Jon Thoday
2399,Mark Gordon
2400,Jacqueline Glover
2401,Tory Tunnell
2402,Matt Braly
2403,Laurie Nunn
2404,Christina Kline
2405,Stefanie Berk
2406,Josh Holloway
2407,Wanda Sykes
2408,Wendy Williams
2409,Attica Locke
2410,Matthew Read
2411,Pablo Larraín
2412,John Quinn
2413,Kim Bondy
2414,Daniel Voll
2415,Hiroyuki Kobayashi
2416,Pamela Koffler
2417,Ed Burns
2418,Linwood Boomer
2419,Scott Smith
2420,Josh Rimes
2421,Eliot Laurence
2422,Chris Mundy
2423,Guy Burt
2424,Naomi De Pear
2425,Anthony Russo
2426,Chad Hamilton
2427,Christopher Hampton
2428,Vanessa Piazza
2429,Elaine Pyke
2430,Otto Meissner
2431,Craig Pearce
2432,Chris Hollier
2433,Christopher Edwards
2434,Steve Blackman
2435,Stephen McFeely
2436,Felicia Aaron White
2437,Hilton Smith
2438,Rafe Judkins
2439,Tracey Ullman
2440,Sally Wainwright
2441,Simon Horsman
2442,Jeff Collins
2443,Clement Virgo
2444,Mathew Pritchard
2445,Rachel Kaplan
2446,Babs Greyhosky
2447,Sara Phelps
2448,George R. R. Martin
2449,Bill Maher
2450,Sara Hess
2451,David Jenkins
2452,Brian Robbins
2453,Matthew Gross
2454,Michael Frislev
2455,Loren Bouchard
2456,Leslie Thomas
2457,Nigel Stafford-Clark
2458,Warren Littlefield
2459,Simon Pegg
2460,Adam Bernstein
2461,Ronnie Stern
2462,Ben Stiller
2463,Mark Canton
2464,Sarah Mulvey
2465,Lisa Lassek
2466,Tom Forman
2467,Kara Vallow
2468,Chris Black
2469,Jeff Bridges
2470,Howard T. Owens
2471,Alexis Martin Woodall
2472,Thomas Kail
2473,Andy Harries
2474,Vince McMahon
2475,Scott Ryan
2476,Eddie Guzelian
2477,Robert King
2478,Bruce Richmond
2479,James Degus
2480,Roanna Benn
2481,Michael Hanel
2482,Tracey Scoffield
2483,Lisa Edwards
2484,Tom Bernardo
2485,Charlie Brooker
2486,Annabel Jones
2487,John Mankiewicz
2488,Jon Avnet
2489,Alon Aranya
2490,Fran Sears
2491,Rebecca Sugar
2492,Kate Oates
2493,Stephen Scaia
2494,Markus Trebitsch
2495,Howard Ellis
2496,Jenn Carroll
2497,Rachael Horovitz
2498,Simon Heath
2499,Dave Oliver
2500,Fred Freiberger
2501,Jack Carr
2502,Jutta Lieck-Klenke
2503,Jeff Sharlet
2504,Marc Smerling
2505,Edmund Coulthard
2506,Neil Meron
2507,John Goldwyn
2508,Tracy Katsky
2509,Michael Heyerman
2510,Jada Miranda
2511,Barry Purves
2512,Rick Harrison
2513,Barry Levinson
2514,Jeph Loeb
2515,Rick Berg
2516,Simon Kerfoot
2517,Eric Warren Singer
2518,Neil Gibbons
2519,Avi Nir
2520,David M. Thompson
2521,Chris Sussman
2522,Joe Hill
2523,Steve Stark
2524,Frank O'Connor
2525,Jarek Sawko
2526,Gil Goldschein
2527,Mary Lisio
2528,Mona Sutphen
2529,David Stern
2530,Tim Van Patten
2531,Suzanne McCormack
2532,Ewan McGregor
2533,Alex Baskin
2534,Jerry Decker
2535,Mandel Ilagan
2536,Zetna Fuentes
2537,Bruce McCoy
2538,Maggie Cohn
2539,H.T. Owens
2540,Iván Kapitány
2541,Matt Strevens
2542,Seith Mann
2543,Chelsea Clinton
2544,Scott Dunlop
2545,Wes Dening
2546,Minty Lewis
2547,Kenton Allen
2548,Shye Sutherland
2549,Corey Miller
2550,Donald P. Bellisario
2551,Dominic West
2552,Michael J. Gaeta
2553,Elaine Frontain Bryant
2554,Chris Hardwick
2555,Karah Preiss
2556,Dave Stewart
2557,Adam Bonnett
2558,Hossein Amini
2559,Peter Adam Golden
2560,Ilene Landress
2561,Stuart Miller
2562,Ryan Seacrest
2563,Spike Lee
2564,Ben Silverman
2565,Marc Webb
2566,Steve Rankin
2567,Nzingha Stewart
2568,Craig Engler
2569,Janet Jackson
2570,DJ Nurre
2571,James Dixon
2572,Nicola Moody
2573,Steven A. Cohen
2574,Jessica Biel
2575,Janet Mock
2576,Shannon Gibson
2577,James Buddy Day
2578,Peter Berg
2579,David Madden
2580,Linda Moran
2581,Michael Prupas
2582,Brett-Patrick Jenkins
2583,Richard Heus
2584,David Mackenzie
2585,Sam Register
2586,Keith Redmon
2587,Brian Watkins
2588,Jimmy Kimmel
2589,Markus Schmidt-Märkl
2590,Jon M. Chu
2591,Peter Chernin
2592,Jac Schaeffer
2593,Tom Fontana
2594,Dan Brown
2595,Blye Pagon Faust
2596,Piers Wenger
2597,Glenn Kessler
2598,Nora Smith
2599,Bonnie Ross
2600,Marcus Fox
2601,Miguel Sapochnik
2602,Jackie Cohn
2603,Abby Greensfelder
2604,Brien Meagher
2605,Eric Heisserer
2606,Matt Kunitz
2607,Carter Bays
2608,Emma Norton
2609,Rob Greenberg
2610,Nicky Earnshaw
2611,Frank Siracusa
2612,Dan Lagana
2613,Hawk Ostby
2614,Josh Schwartz
2615,Miyako Araki
2616,Brian Bockrath
2617,Meredith Lavender
2618,John Eisendrath
2619,Nina Fialkow
2620,Ali Wong
2621,Emily Gerson Saines
2622,Marc Gilbar
2623,Derek McLean
2624,Matthew O'Toole
2625,David Alpert
2626,Bob Shami
2627,Isa Dick Hackett
2628,Eamon Hardy
2629,Bruna Papandrea
2630,Lisa Henson
2631,Howard Gordon
2632,Greg Daniels
2633,Katie Boyd
2634,Jonty Nash
2635,Scott Lambert
2636,Michael Dinner
2637,Shonda Rhimes
2638,Judy Counihan
2639,Dan Cogan
2640,Len Wiseman
2641,Jordan Hawley
2642,Jon Adgemis
2643,Maria Maggenti
2644,Shan Nicholson
2645,Mary Connelly
2646,David X. Cohen
2647,Peter Clowney
2648,Ryan Friedkin
2649,Richard Dean Anderson
2650,Rupert Majendie
2651,Christina Jennings
2652,Stephen Mangan
2653,Jill Green
2654,Bisha K. Ali
2655,Kate Purdy
2656,Joe Tracz
2657,Morgan Freeman
2658,Brendan Hermes
2659,Mickey Down
2660,Greg Plageman
2661,Jake DeVito
2662,Simon Racioppa
2663,David Ozer
2664,Channing Powell
2665,Anna McRoberts
2666,Lloyd Braun
2667,Hilary Strong
2668,P.G. Morgan
2669,John Wilson
2670,Steven A. Markowitz
2671,Jon Watts
2672,Patton Oswalt
2673,Jane Root
2674,Brian Young
2675,Simon Ford
2676,Neal H. Moritz
2677,Faith Penhale
2678,Daria Polatin
2679,Edward McGurn
2680,Simon Donald
2681,Bradley Whitford
2682,Luke Dillon
2683,Clyde Phillips
2684,Tim Baney
2685,Melissa James Gibson
2686,Brennan Huntington
2687,Dexton Deboree
2688,Pouya Shahbazian
2689,Julia Sereny
2690,Jensen Ackles
2691,Peter Traugott
2692,Lorenzo di Bonaventura
2693,Julian Farino
2694,John Tellegen
2695,James Honeyborne
2696,Sue Tenney
2697,David McKenzie
2698,Andi Bernstein
2699,Teddy Kunhardt
2700,Arthur Forney
2701,Mike Henry
2702,Will Clarke
2703,David Goldberg
2704,Colin Callender
2705,Geoffrey Sharp
2706,Kevin Hageman
2707,Michael Hampton
2708,Sam Dolnick
2709,Rick Selvage
2710,Todd Slavkin
2711,Dianne McGunigle
2712,Courtney Sexton
2713,Jordy Randall
2714,Craig Plestis
2715,Lisa Joy
2716,Simon Helberg
2717,Sam Levinson
2718,Yoram Mokadi
2719,Bryan Andrews
2720,Stephen Rees
2721,Akiva Goldsman
2722,Eric Newman
2723,Alex Hedlund
2724,Oprah Winfrey
2725,Luke Davies
2726,Mark Mylod
2727,Tony Roche
2728,Emile Sherman
2729,Lisa Q. Wolfinger
2730,Joe Pokaski
2731,Kevin Turen
2732,Glenda Hersh
2733,Colin Kaepernick
2734,Josh Gordon
2735,David Collins
2736,James Younger
2737,Hayden Schlossberg
2738,Curtis Lelash
2739,Roberts Gannaway
2740,Gary Gilbert
2741,Britton Rizzio
2742,Daisy Goodwin
2743,Khloé Kardashian
2744,David Michael Latt
2745,Ansel Elgort
2746,Karim Amer
2747,Selena Gomez
2748,David McNab
2749,Bryan Cranston
2750,Tony Biancosino
2751,Jonathan Tropper
2752,Timothy Olyphant
2753,Ernest R. Dickerson
2754,Chris McCumber
2755,Larissa Matsson
2756,David Silver
2757,Rick Murray
2758,Michele Bennett
2759,Michael Rotenberg
2760,Craig Gerber
2761,Nancy Dubuc
2762,Justin Wilkes
2763,Hamish Steele
2764,George Dewey
2765,Dean Baker
2766,Jon Amiel
2767,Gordon Ramsay
2768,Greg Yaitanes
2769,Stephanie Carter
2770,Matt Duffer
2771,Jeremy Bronson
2772,Christian Torpe
2773,Mike Lerner
2774,Gary Lennon
2775,David Lowery
2776,Richard Brown
2777,Adam Sher
2778,Dawn Prestwich
2779,Brad Fuller
2780,Alix Witlin
2781,Padraic McKinley
2782,Kristin Matthews
2783,Hiro Murai
2784,Antonio Campos
2785,Jim Mickle
2786,Greg Berlanti
2787,Justin Falvey
2788,Michaela Angela Davis
2789,Ember Truesdell
2790,Marc Gurvitz
2791,Jill Blankenship
2792,Oliver Goldstick
2793,Zahn McClarnon
2794,Charlotte Stoudt
2795,Nadine Rajabi
2796,Kevin Kelly Brown
2797,Jason Blumenthal
2798,Tom Perrotta
2799,Tara Long
2800,Jim Pasquarella
2801,Matthew Berkowitz
2802,Victoria Alonso
2803,Belén Atienza
2804,Patrick Schumacker
2805,Baltasar Kormákur
2806,Patrick Spence
2807,J. A. Bayona
2808,Justin Leach
2809,Jason Spingarn-Koff
2810,Mark McCorkle
2811,Francesca Maudslay
2812,Kristy Sabat
2813,Justin Doble
2814,Denise Thé
2815,David Crockett
2816,Michael Bay
2817,Gene Klein
2818,Julia Bicknell
2819,Bianca Barnes-Williams
2820,Joshua Rofé
2821,John Logan
2822,Terry Matalas
2823,Ken Biller
2824,Hugh Dillon
2825,Paul Buccieri
2826,Amy York Rubin
2827,Conrad Vernon
2828,Will Rowbotham
2829,Tim Burton
2830,Michael Sugar
2831,Adam Adler
2832,Ally Simpson
2833,Jordan Horowitz
2834,Sarina Roma
2835,Bryan Fuller
2836,Cecilia Peck
2837,Gabrielle Stanton
2838,Justin Roiland
2839,Brian Robertson
2840,Jason Sack
2841,Sara Enright
2842,Josh Bycel
2843,Eric Tannenbaum
2844,Stephen Colbert
2845,Michaël R. Roskam
2846,Vince Raisa
2847,Ryan Reynolds
2848,Robert Fisher Jr.
2849,Wes Lui
2850,Mick Garris
2851,Nick Frew
2852,Ellen DeGeneres
2853,Richard Levinson
2854,Chrissy Pietrosh
2855,Evelyn Warfel
2856,Michael Poryes
2857,Ryan Heller
2858,Steven Prinz
2859,Marty Bowen
2860,Dave Severson
2861,Kyle Hopkins
2862,Jennifer Pelphrey
2863,Kourtney Kardashian
2864,Dave Sirulnick
2865,Jacqui Lopez
2866,Todd Hoffman
2867,Rob Tapert
2868,Vijay Vaidyanathan
2869,Adam Glass
2870,Melissa Carter
2871,Jennifer Hamburg
2872,Kim Woodard
2873,Rob Hackett
2874,Matt Roberts
2875,Lucas Smith
2876,Jeff Gaspin
2877,Elli Hakami
2878,Jennifer Corbett
2879,Robert Levine
2880,Taylor Sheridan
2881,Tiffany Lea Williams
2882,Hunt Baldwin
2883,Dave Finkel
2884,Alex Gibney
2885,Rachel Shane
2886,Vlas Parlapanides
2887,Christine Vachon
2888,Marc Merrill
2889,Lucy DeVito
2890,Joan Harrison
2891,Shay Mitchell
2892,Josh Heald
2893,John Irwin
2894,Theresa Kang-Lowe
2895,James Rallison
2896,Josh Brolin
2897,Cedric the Entertainer
2898,Michael Bloom
2899,Andrew Eaton
2900,Scott Huff
2901,Kevin Costner
2902,Roger Ordish
2903,Ben Braun
2904,Allen Bain
2905,Liz Glotzer
2906,John Redmann
2907,Lucy Martin
2908,Ashley Miller
2909,Pip Wells
2910,Eugene Kelly
2911,Sandy Lieberson
2912,Martin Sheen
2913,Ron Schmidt
2914,Conan O'Brien
2915,Simon Curtis
2916,E. Max Frye
2917,Eliza Hittman
2918,Brendan Bragg
2919,Dean Johnsen
2920,Malin-sarah Gozin
2921,Sean Rankine
2922,Jason Cahill
2923,Ryan Miller
2924,Tom Hardy
2925,Kim Egan
2926,Adam Kane
2927,Kate Sinclair
2928,Larry Walford
2929,Derek Simonds
2930,Jason Bateman
2931,Brian Lazarte
2932,Aaron Behl
2933,Diane Ademu-John
2934,George Stelzner
2935,Gene Kelly
2936,Laura Perlmutter
2937,Jeremy Podeswa
2938,Aaron Spelling
2939,Carl Beverly
2940,Chris Prynoski
2941,Brian Wankum
2942,Barry Sonnenfeld
2943,Sara Colleton
2944,Antonio Canobbio
2945,Mark Herwick
2946,Simon Kinberg
2947,Ronald D. Moore
2948,Jen Flanz
2949,Tim Warren
2950,Clay Tweel
2951,Mark Consuelos
2952,Dana Ledoux Miller
2953,Rob Dauber
2954,Sarah Schechter
2955,Christopher Markus
2956,Jonathan Littman
2957,Richard P. Rubinstein
2958,Matt Groesch
2959,Jeremiah Crowell
2960,David Garber
2961,Drew Barrymore
2962,Mark Seliga
2963,Peter Märthesheimer
2964,Erik Oleson
2965,Doug Petrie
2966,Dan Nowak
2967,Noreen Halpern
2968,Mike Sheerin
2969,Caroline Baumgard
2970,Bryan Wynbrandt
2971,Philip Martin
2972,Joy Gorman
2973,Rachel Miller
2974,Aaron Sorkin
2975,Michael Reisz
2976,David Granger
2977,Halle Stanford
2978,Benjamin Lehmann
2979,Joe Weinstock
2980,Merrill Heatter
2981,Tanya Green
2982,Hugh Davidson
2983,Jamie Jakimo
2984,Susan Harris
2985,Lauren Schmidt
2986,Vincent M. Fennelly
2987,Timothy Björklund
2988,Tom Devanney
2989,Compton Ross
2990,James Watkins
2991,Harry Friedman
2992,Lisa Cholodenko
2993,Samie Kim Falvey
2994,A.C. Bradley
2995,Kelvin Yu
2996,Tommy Coriale
2997,Max Heckman
2998,Armando Iannucci
2999,Jeff Jenkins
3000,Grant Heslov
3001,Brian Boyle
3002,Chris Advansun
3003,Ava DuVernay
3004,Paul Cabana
3005,Carla Pennington
3006,Steve Turner
3007,J.G. Quintel
3008,Ben Richards
3009,Kim Tannenbaum
3010,Anne Thomopoulos
3011,Maxine Watson
3012,Gena McCarthy
3013,Brenda Hampton
3014,Joe Russo
3015,Joel Fields
3016,Sean Daniel
3017,Stacy Rukeyser
3018,Jonathan Glickman
3019,Daniel Cerone
3020,Diarmuid McKeown
3021,Eli Lehrer
3022,Mikko Alanne
3023,Amy Poehler
3024,Brian McGreevy
3025,Matt Weitzman
3026,David Tibballs
3027,Fred Armisen
3028,Josh Kesselman
3029,Jim Rowe
3030,Jim Chory
3031,Emily Cummins
3032,Ray Bruce
3033,Danny DeVito
3034,Erica Messer
3035,Doug Liman
3036,Dan Povenmire
3037,Ross Duffer
3038,Kevin Loader
3039,Naren Shankar
3040,Mike McMahan
3041,Kief Davidson
3042,Gillian Berrie
3043,Adam Karpel
3044,Karen Thrussell
3045,Gerard Way
3046,Jen Patton
3047,Ihor Kondratyuk
3048,Janine Sherman Barrois
3049,Ayesha Curry
3050,Belinda Campbell
3051,Mallory Schwartz
3052,Alex Marengo
3053,Nne Ebong
3054,Victor Fresco
3055,Eric Kovtun
3056,Lyle Gamm
3057,Jess Rosenthal
3058,Hussein Fakhri
3059,Matt Hornburg
3060,Alan Armer
3061,Florian Gellinger
3062,Jack Davis
3063,Rebecca Thomas
3064,Adam Barker
3065,Gavin Purcell
3066,Jonathan Lisco
3067,Sarah Victor
3068,Don Mancini
3069,Matt Silverstein
3070,Robert Downey Jr.
3071,Maggie Blanc
3072,Jake Lushington
3073,Robbie Thompson
3074,Lindsey Weber
3075,Vincenzo Natali
3076,Jen Lane
3077,KristieAnne Reed
3078,Noemi Spanos
3079,Jeff Fierson
3080,Sarah Wetherbee
3081,Deran Sarafian
3082,Brian McCarthy
3083,Brian Taylor
3084,Martin Desmond Roe
3085,Jamund Washington
3086,Sean O'Riordan
3087,Grainne Marmion
3088,Jon Hurwitz
3089,Dan Schneider
3090,Ben Winston
3091,Tina Elmo
3092,Damien Timmer
3093,Chad Moldenhauer
3094,Steven Hoban
3095,Ron Howard
3096,Mark Marinaccio
3097,Leslie Greif
3098,Robyn Asimov
3099,Todd Helbing
3100,Robert Bookman
3101,Rhys Thomas
3102,Chris Bannon
3103,Nahnatchka Khan
3104,Terence Wrong
3105,Tom Hanks
3106,L.C. Crowley
3107,Brian Knappenberger
3108,Leigh Dana Jackson
3109,Rob Eric
3110,Brian Teta
3111,Ollie Madden
3112,Dave Andron
3113,Lynda Obst
3114,Jill Blotevogel
3115,Benjamin Cotner
3116,Bryan Spicer
3117,Andrew Hinderaker
3118,Jack Burgess
3119,Jason Tracey
3120,Mindy Kaling
3121,Sam Hoyle
3122,Leo Pearlman
3123,Iona Mackenzie
3124,Tracey Edmonds
3125,Scott M. Gimple
3126,Mary Viola
3127,Karissa Valencia
3128,Katherine Linton
3129,Brie Miranda Bryant
3130,Tim Sullivan
3131,Colin Wilson
3132,Todd Milliner
3133,Eric Roth
3134,Rob David
3135,James A. Contner
3136,Paul Franklin
3137,Jordan Wynn
3138,Lilly Burns
3139,Reggie Watts
3140,David Kirschner
3141,Alastair Fothergill
3142,Christopher Meloni
3143,Kylie Jenner
3144,Roy Lee
3145,Ross Richie
3146,Carl Faruolo
3147,Shaunt Nigoghossian
3148,Jeff Bumgarner
3149,Paul Heyman
3150,Jennifer Mullin
3151,Michael Chiklis
3152,Lauren Eskelin
3153,David Grae
3154,Wayne Brady
3155,Karam Gill
3156,Rowan Joffe
3157,Brooke Townsend
3158,Naia Cucukov
3159,Neil Barsky
3160,Lisa Heller
3161,Derek Haas
3162,Cliff Chiang
3163,Helen Williams
3164,Adam Hawkins
3165,Stefan Pleszczynski
3166,Minkie Spiro
3167,James Wood
3168,Allie Goss
3169,Allen Hughes
3170,Ali Adler
3171,Josh Lieberman
3172,Ariel Schulman
3173,Mathilde Bittner
3174,Barry Barclay
3175,Mace Neufeld
3176,Eli Holzman
3177,David Nutter
3178,Ron Leshem
3179,Louis Leterrier
3180,Roma Roth
3181,Ross Dinerstein
3182,Andrey Levin
3183,Chris Chibnall
3184,Lizzie Molyneux-Logelin
3185,Hadas Mozes Lichtenstein
3186,Jodie Matterson
3187,Eli Roth
3188,Marlo Thomas
3189,David H. Goodman
3190,David Fury
3191,Ross Girard
3192,Michael Hirst
3193,Matthew Loze
3194,Matthew Chan
3195,Dane Lillegard
3196,Stephanie Frederic
3197,Scott Kreamer
3198,Fenton Bailey
3199,Erik Diehn
3200,Holly Hines
3201,Anne Garefino
3202,Helen Hawken
3203,Rich Appel
3204,Lesli Linka Glatter
3205,Fred Seibert
3206,Ben Taylor
3207,Daniel Shattuck
3208,Julie Pizzi
3209,Mark Cronin
3210,John Fox
3211,Claire Brown
3212,Dearbhla Walsh
3213,Caleeb Pinkett
3214,Thomas Kelly
3215,Jerry Longarzo
3216,Karsten Aurich
3217,Bruce Geller
3218,Alecia Weaver
3219,Barbara Gaines
3220,Matt Manfredi
3221,Arika Lisanne Mittman
3222,Lawrence Bender
3223,Jamie Fleischel
3224,Jack Webb
3225,Dick Wolf
3226,Steve Hutensky
3227,Kimberly Carver
3228,Richard Bedser
3229,Jennifer Ewing
3230,Henry Joost
3231,John Woolf
3232,Jeff Fager
3233,Bernard L. Kowalski
3234,Michael Williams
3235,Neil Cross
3236,Richard Reid
3237,Neal H. Mortiz
3238,Scott Prendergast
3239,Dan Peirson
3240,Elisabeth Moss
3241,Mimi Leder
3242,Todd Lubin
3243,Wibke von Bonin
3244,Al Jean
3245,Aubrey Plaza
3246,Ian Brennan
3247,Steve Carell
3248,Stephen Lambert
3249,Lilly Singh
3250,Tina Nguyen
3251,James Keene
3252,Quinn Martin
3253,William Dozier
3254,Frank Marshall
3255,Max Handelman
3256,Carlo Bernard
3257,Laura Lankester
3258,Adam Del Deo
3259,J.J. Abrams
3260,Chris Symes
3261,Kilian Kerwin
3262,Bradley Thomas
3263,Maril Davis
3264,David Holthouse
3265,Elisa M. Rothstein
3266,John Skidmore
3267,Christopher Lloyd
3268,Jason Mitchell
3269,Richard Bond
3270,Matt Groening
3271,Rusty Lemorande
3272,Mark Ceryak
